idcentro,latitud,localidad,longitud,naturaleza,nombre,tipo
44005104,40.94654660,Calanda,-0.23667449,Público,Valle Del Guadalope,Instituto de Educación Secundaria (IES)
44005116,40.24610121,Mora De Rubielos,-0.74873397,Público,Gúdar-Javalambre,Instituto de Educación Secundaria (IES)
44005165,40.88437822,Poyo Del Cid (El),-1.33403370,Público,C.R.A. El Poyo Del Cid,Colegio Público
44005189,40.16437253,Libros,-1.23305676,Público,C.R.A. De Libros,Colegio Público
44005190,40.52298054,Cantavieja,-0.40440886,Público,Sección Del I.E.S.  Segundo De Chomón,Instituto de Educación Secundaria (IES)
44005219,40.79050719,Monreal Del Campo,-1.35258499,Público,Escuela  De Música,Escuela Pública de Música y/o Danza
44010011,40.34331618,Teruel,-1.10762433,Concertado,Escuela Sup. De Hostelería De Aragón,Centro Privado de Formación Profesional Específica
44010021,40.79050719,Monreal Del Campo,-1.35258499,Público,Extensión De E.O.I.,Escuela Oficial de Idiomas (EOI)
44010033,40.81530164,Utrillas,-0.85038875,Público,Extensión De E.O.I.,Escuela Oficial de Idiomas (EOI)
44010045,40.92171221,Calamocha,-1.29544652,Público,Extensión De E.O.I.,Escuela Oficial de Idiomas (EOI)
44010057,40.33675129,Teruel,-1.10700322,Privado,El Ensanche,Centro Privado de Educación Infantil
50000163,41.77291379,Alagon,-1.12497244,Público,Conde  Aranda,Instituto de Educación Secundaria (IES)
50000291,41.61639436,Alfajarin,-0.70588459,Público,Brianda de Luna,Colegio Público
50000370,41.47461818,Almunia De Doña Godina (La),-1.37218055,Público,C.E.I.P. Nertóbriga,Colegio Público
50000436,41.42410187,Alpartir,-1.37936029,Público,Ramón Y Cajal,Colegio Público
50000618,41.32989786,Ateca,-1.79429123,Público,Virgen De La Peana,Colegio Público
50000722,41.30933657,Belchite,-0.74989536,Público,Belia,Colegio Público
50000734,41.30712711,Belchite,-0.75149840,Privado,San Rafael,Centro Privado de Educación Infantil
50000850,41.83212333,Borja,-1.53391078,Público,Campo De Borja,Colegio Público
50000862,41.83330917,Borja,-1.53482354,Concertado,Santa Ana,Centro Privado con varias Enseñanzas de Régimen General
50000874,41.83372513,Borja,-1.52938547,Público,Juan De Lanuza,Instituto de Educación Secundaria (IES)
50000904,41.52359616,Brea De Aragon,-1.59862953,Público,Diputación Provincial,Colegio Público
50001064,41.33133931,Calatayud,-1.64568580,Público,Baltasar Gracián,Colegio Público
50001076,41.34893556,Calatayud,-1.63790602,Público,Francisco De Goya,Colegio Público
44004306,40.32904721,Teruel,-1.09560713,Público,La Fuenfresca,Colegio Público
44004318,40.33222124,Teruel,-1.10659747,Público,Escuela Oficial De Idiomas,Escuela Oficial de Idiomas (EOI)
44004483,40.05906025,Manzanera,-0.82885541,Público,C.R.A. Javalambre,Colegio Público
50018431,41.68693194,Zaragoza,-0.87542948,Privado,CUÉNTAME,Centro Privado de Educación Infantil
44004550,40.81511193,Utrillas,-0.85265536,Público,Fernando Lázaro Carreter,Instituto de Educación Secundaria (IES)
44004562,40.97758754,Andorra,-0.45925709,Público,Manuel Franco Royo,Colegio Público
44004604,40.97573424,Andorra,-0.44510031,Público,Universidad Popular De Andorra,Escuela Pública de Música y/o Danza
44004616,40.36129592,Mosqueruela,-0.44718997,Público,C.R.A. Maestrazgo Gudar,Colegio Público
44004689,40.83834192,Caminreal,-1.32545096,Público,C.R.A. Goya,Colegio Público
44004690,40.52397534,Cantavieja,-0.40467027,Público,C.R.A. Alto Maestrazgo,Colegio Público
44004719,40.43626856,Cedrillas,-0.85096370,Público,C.R.A Palmira Plá,Colegio Público
44004720,41.03098889,Ariño,-0.59497469,Público,C.R.A. Ariño-Alloza,Colegio Público
44004744,40.92524469,Fresneda (La),0.07605932,Público,Cra. De La Fresneda,Colegio Público
44004768,40.84552703,Martin Del Rio,-0.89243809,Público,C.R.A. De Martín Del Río,Colegio Público
44004793,40.40954571,Albarracin,-1.43195076,Público,C.R.A. De Albarracín,Colegio Público
44004801,41.21906141,Puebla De Hijar (La),-0.44291526,Público,C.R.A. Bajo Martín,Colegio Público
44004951,40.45297134,Cella,-1.28643576,Público,C.P.E.P.A. De Cella,Centro Público de Educación de Personas Adultas (Presenc
44004963,40.79092592,Monreal Del Campo,-1.35270145,Público,Aula De Monreal Del Campo,Centro Público de Educación de Personas Adultas (Presenc
44005062,41.01421723,Calaceite,0.18669866,Público,C.R.A. Matarranya,Colegio Público
44005074,40.56624484,Santa Eulalia,-1.31717539,Público,C.R.A. Cuna del Jiloca,Colegio Público
50002019,41.60757286,Epila,-1.29769562,Privado,E.F.A. Montarrón,Centro Privado de Formación Profesional Específica
50007017,41.63600258,Zaragoza,-0.88040467,Concertado,María  Auxiliadora,Centro Privado con varias Enseñanzas de Régimen General
50007042,41.63505834,Zaragoza,-0.88615968,Concertado,La Milagrosa,Centro Privado con varias Enseñanzas de Régimen General
50007066,41.62689807,Zaragoza,-0.90492185,Privado,Montearagón,Centro Privado con varias Enseñanzas de Régimen General
50001121,41.35055086,Calatayud,-1.63917703,Concertado,Santa Ana,Centro Privado con varias Enseñanzas de Régimen General
50000412,41.47912323,Almunia De Doña Godina (La),-1.37741807,Concertado,Salesianos Laviaga-Castillo,Centro Privado de Educación Secundaria
50001167,41.35494898,Calatayud,-1.63908510,Público,IES Leonardo de Chabacier,Instituto de Educación Secundaria (IES)
50001301,41.33900609,Cariñena,-1.22734022,Público,Santo Cristo De Santiago,Colegio Público
50001350,41.23547782,Caspe,-0.03739419,Público,Compromiso De Caspe,Colegio Público
50001362,41.23808785,Caspe,-0.04201473,Concertado,Santa Ana,Centro Privado con varias Enseñanzas de Régimen General
50001738,41.11440391,Daroca,-1.41022013,Público,Puerta De Zaragoza,Residencia
50001763,42.12536927,Ejea De Los Caballeros,-1.13716848,Público,Cervantes,Colegio Público
50001829,42.11627434,Ejea De Los Caballeros,-1.14338275,Concertado,E.F.A. Boalares,Centro Privado de Formación Profesional Específica
50001830,42.12853310,Ejea De Los Caballeros,-1.12635041,Público,Reyes Católicos,Instituto de Educación Secundaria (IES)
50002007,41.59697782,Epila,-1.27666041,Público,Gaspar Remiro,Colegio Público
44003259,40.35185916,Teruel,-1.11315303,Público,La Arboleda,Colegio Público de Educación Especial
44003260,40.35325972,Teruel,-1.11544035,Público,Escuela Hogar de Teruel,Residencia
44003284,40.34323218,Teruel,-1.10778114,Público,Escuela De Arte De Teruel,Escuela de Arte
44003636,40.81295007,Utrillas,-0.84463396,Público,Villa de Utrillas,Colegio Público
44003715,40.87312085,Valderrobres,0.15426740,Público,Vicente Ferrer Ramos,Colegio Público
44003727,40.87514420,Valderrobres,0.15421190,Privado,María Inmaculada,Centro Privado de Educación Infantil
44004045,40.92171221,Calamocha,-1.29544652,Público,Valle Del Jiloca,Instituto de Educación Secundaria (IES)
44004082,40.52298054,Cantavieja,-0.40440886,Público,E.H. En C.R.I.E.T.,Residencia
44004124,40.35025163,Teruel,-1.10970285,Público,Isabel De Segura,Centro Público de Educación de Personas Adultas (Presenc
44004148,40.97455878,Andorra,-0.44878296,Público,Gloria Fuertes,Colegio Público de Educación Especial
44004173,40.34396658,Teruel,-1.10860323,Público,Conservatorio Profesional de Música de Teruel,Conservatorio de Música o Danza
44004239,41.17178702,Hijar,-0.45214864,Público,Pedro Laín Entralgo,Instituto de Educación Secundaria (IES)
50011537,41.63046877,Zaragoza,-0.89871526,Público,Rincón De Goya,Colegio Público de Educación Especial
50011574,41.66192243,Zaragoza,-0.88254612,Privado,Cpa-Salduie,Centro Privado de Formación Profesional Específica
50011653,41.65207996,Zaragoza,-0.90777299,Privado,Rubinsteín,Centro Privado de Música o Danza
50006669,41.68674459,Zaragoza,-0.86883947,Concertado,Cristo Rey,Centro Privado con varias Enseñanzas de Régimen General
50006724,41.61783106,Zaragoza,-0.90752181,Privado,Liceo Europa,Centro Privado con varias Enseñanzas de Régimen General
50006736,41.66212399,Zaragoza,-0.88252161,Privado,College Moliere,Centro Docente Privado Extranjero en España
50006955,41.62631924,Zaragoza,-0.89247515,Privado,Lestonnac,Centro Privado con varias Enseñanzas de Régimen General
50008915,41.69932568,Zaragoza,-0.86743598,Privado,San Germán,Centro Privado de Educación  Especial
50009026,41.61783106,Zaragoza,-0.90752181,Privado,Liceo Europa,Centro Privado de Educación Secundaria
50009361,41.66220656,Zaragoza,-0.96765577,Privado,Juan De Lanuza,Centro Privado con varias Enseñanzas de Régimen General
50009373,41.65749898,Zaragoza,-0.91672473,Público,José Camón Aznar,Colegio Público
50009397,41.65362576,Zaragoza,-0.87085635,Público,Tenerías,Colegio Público
50009415,41.66879617,Zaragoza,-0.84365184,Público,Gloria Arenillas,Colegio Público
50009580,41.64159348,Zaragoza,-0.87727667,Público,Miraflores,Colegio Público
50009646,41.71322908,Zaragoza,-1.03965931,Privado,María Soriano,Centro Privado de Educación  Especial
50009804,41.65211887,Zaragoza,-0.87652590,Privado,J.R. Santa María,Centro Privado de Música o Danza
50017308,41.62925127,Zaragoza,-0.89077136,Privado,LA VIRGEN NIÑA,Centro Privado de Educación Infantil
50017333,41.66653638,Zaragoza,-0.82689582,Privado,SOLETES,Centro Privado de Educación Infantil
50017369,41.66158714,Zaragoza,-0.88301098,Público,CPE Angel Riviere,Colegio Público de Educación Especial
1791,41.66491211,Zaragoza,-0.88146690,Público,Centro Comisión Zaragoza,Colegio Público
1798,41.66491211,Zaragoza,-0.88146690,Público,Centro Comisión SP Zaragoza,Colegio Público
50700239,41.67857965,Zaragoza,-0.96830725,Público,CRIE DE ZARAGOZA,Colegio Público
50017539,41.67453289,Zaragoza,-0.88303991,Público,LOS VIENTOS,Escuela de Educación Infantil
50017497,41.65070070,Zaragoza,-0.86768495,Privado,EL OSO DEL PARQUE,Centro Privado de Educación Infantil
50017710,41.62789901,Zaragoza,-0.93239667,Público,Montecanal,Colegio Público
50017862,41.68797593,Zaragoza,-0.87345224,Público,Agustina de Aragón,Colegio Público
50018246,41.62387209,Zaragoza,-0.91683634,Público,Valdespartera,Colegio Público
50018143,41.67099223,Zaragoza,-0.87455828,Público,Lucien Briet,Colegio Público
50018271,41.63477413,Zaragoza,-0.94060666,Público,Rosales del Canal,Colegio Público
2089,41.66491211,Zaragoza,-0.88146690,Público,Centro Comisión C.F. Grado Superior Zaragoza,Colegio Público
50018261,41.65632516,Zaragoza,-0.93281674,Público,C.P. Miralbueno,Colegio Público
50018015,41.68206063,Zaragoza,-0.87154833,Privado,KARACOL,Centro Privado de Educación Infantil
50018003,41.68297890,Zaragoza,-0.88964258,Privado,ESCUELA ARAGONESA DE ENTRENADORES DE ATLETISMO,Centro Privado de Enseñanzas Deportivas
50018131,41.68797593,Zaragoza,-0.87345224,Público,JEAN PIAGET,Colegio Público de Educación Especial
50018386,41.63386090,Zaragoza,-0.87579696,Privado,EL ARKA DE KUPPLU,Centro Privado de Educación Infantil
50018222,41.62548179,Zaragoza,-0.87694553,Privado,LA PAZ,Escuela Privada de Música y/o Danza
50018076,41.63591897,Zaragoza,-0.94564680,Privado,PEQUENINOS MONTES DEL CANAL,Centro Privado de Educación Infantil
50018350,41.66899079,Zaragoza,-0.82997621,Público,BRIOLETAS,Escuela de Educación Infantil
50018349,41.65200034,Zaragoza,-0.93110618,Público,LOS IBONES,Escuela de Educación Infantil
50018362,41.67665583,Zaragoza,-0.89762822,Público,MARIA URREA,Escuela de Educación Infantil
50018337,41.65946749,Zaragoza,-0.89741769,Público,EL TREN,Escuela de Educación Infantil
50018398,41.65783925,Zaragoza,-0.86955060,Privado,ZAGALINES,Centro Privado de Educación Infantil
50018817,41.68900951,Zaragoza,-0.87876036,Público,C.P. Catalina de Aragón,Colegio Público
50008587,41.86707327,Zuera,-0.78844123,Público,Odón De Buen,Colegio Público
50017114,41.86574227,Zuera,-0.79048018,Público,Extensión De E.O.I. Nº 2,Escuela Oficial de Idiomas (EOI)
50019081,41.61499549,Zaragoza,-0.92591010,Público,San Jorge,Colegio de Educación Infantil y Primaria
50017874,41.66939172,Zaragoza,-0.82272929,Público,El Espartidero,Colegio Público
50019019,41.65742227,Zaragoza,-0.92410993,Público,Julio Verne,Colegio de Educación Infantil y Primaria
22003343,41.67535870,Ontiñena,0.08802246,Público,San Gregorio,Colegio Público
44003247,40.35185916,Teruel,-1.11315303,Público,Francés De Aranda,Instituto de Educación Secundaria (IES)
22005716,42.01062249,Fonz,0.26133179,Público,C.R.A. Estadilla-Fonz,Colegio Público
22005731,42.62816156,Biescas,-0.32166696,Público,C.R.A. Alto Gállego,Colegio Público
22005765,42.57828588,Jaca,-0.54031484,Público,Pirineos,Instituto de Educación Secundaria (IES)
22005790,42.10890937,Benabarre,0.48039866,Público,C.R.A. Ribagorza Oriental,Colegio Público
22005807,41.47341740,Torrente De Cinca,0.33355172,Público,C.R.A. Ribera Del Cinca,Colegio Público
22005819,41.80028614,Altorricon,0.41206842,Público,C.R.A. De Altorricón,Colegio Público
22005832,41.69527395,Belver De Cinca,0.17631404,Público,C.R.A. Albeos,Colegio Público
22004773,42.13612892,Huesca,-0.40415277,Público,Lucas Mallada,Instituto de Educación Secundaria (IES)
22005868,41.84375179,Lalueza,-0.26003097,Público,C.R.A. Monegros-Hoya,Colegio Público
22005881,42.60562628,Benasque,0.52456650,Público,C.R.A. Alta Ribagorza,Colegio Público
22005911,41.52098341,Fraga,0.35013054,Público,Instituto Musical Comarcal,Escuela Pública de Música y/o Danza
22006034,41.52323702,Fraga,0.34338947,Público,Bajo Cinca,Centro Público de Educación de Personas Adultas (Presenc
22006083,42.03734926,Almudevar,-0.58043749,Público,Sección Del I.E.S. Pirámide,Instituto de Educación Secundaria (IES)
22006101,41.94190564,Grañen,-0.36587259,Público,Montes Negros,Instituto de Educación Secundaria (IES)
22006137,42.60562628,Benasque,0.52456650,Concertado,Valle De Benasque,Centro Privado de Educación Secundaria
22010025,41.52323702,Fraga,0.34338947,Público,Extensión De La E.O.I.,Escuela Oficial de Idiomas (EOI)
22010062,41.86539309,Albelda,0.46194757,Público,E.E.I. De Albelda,Escuela de Educación Infantil
44000121,41.12389788,Albalate Del Arzobispo,-0.51006850,Público,Román García,Colegio Público
44000261,41.04998913,Alcañiz,-0.13215416,Concertado,San Valero,Centro Privado con varias Enseñanzas de Régimen General
44000271,41.05143566,Alcañiz,-0.13089261,Concertado,La Inmaculada,Centro Privado con varias Enseñanzas de Régimen General
44000465,40.97455878,Andorra,-0.44878296,Público,Juan Ramón Alegre,Colegio Público
50004004,41.63272154,Puebla De Alfinden (La),-0.74948518,Público,Emiliano Labarta,Colegio Público
50004031,41.42445140,Quinto,-0.49724555,Público,Fernando El Católico,Colegio Público
50004326,41.32313903,Sastago,-0.34601859,Público,Daniel Federio,Colegio Público
50007078,41.63936429,Zaragoza,-0.87295983,Concertado,Agustín Gericó,Centro Privado con varias Enseñanzas de Régimen General
50007133,41.64564931,Zaragoza,-0.88110646,Concertado,Ntra. Sra. Del Carmen,Centro Privado con varias Enseñanzas de Régimen General
50007157,41.65609432,Zaragoza,-0.89133073,Concertado,Ntra. Sra.Del Carmen Y San José,Centro Privado con varias Enseñanzas de Régimen General
50007236,41.64463464,Zaragoza,-0.90329778,Concertado,Salesiano Ntra. Sra.Del Pilar,Centro Privado con varias Enseñanzas de Régimen General
50007248,41.67440312,Zaragoza,-0.96004584,Concertado,Teresiano del Pilar,Centro Privado con varias Enseñanzas de Régimen General
50007327,41.66870829,Zaragoza,-0.88216297,Concertado,El Pilar-Maristas,Centro Privado con varias Enseñanzas de Régimen General
50007352,41.63600440,Zaragoza,-0.89096626,Concertado,Pompiliano,Centro Privado con varias Enseñanzas de Régimen General
50007388,41.65786935,Zaragoza,-0.86775657,Concertado,La Purisíma Y San Antonio,Centro Privado con varias Enseñanzas de Régimen General
50007431,41.67156287,Zaragoza,-0.88279737,Concertado,Sagrado Corazón de Jesús,Centro Privado con varias Enseñanzas de Régimen General
50007467,41.64004834,Zaragoza,-0.89319486,Concertado,La Salle Franciscanas Gran Vía,Centro Privado de Educación Secundaria
50007479,41.63711544,Zaragoza,-0.87083451,Concertado,La Salle Montemolín,Centro Privado con varias Enseñanzas de Régimen General
50007509,41.64126703,Zaragoza,-0.88176055,Concertado,San Agustín,Centro Privado con varias Enseñanzas de Régimen General
50007534,41.63427083,Zaragoza,-0.88674848,Concertado,San Antonio De Padua,Centro Privado con varias Enseñanzas de Régimen General
50007674,41.63279099,Zaragoza,-0.89103570,Privado,San Martín De Porres,Centro Privado de Educación  Especial
50007716,41.66999000,Zaragoza,-0.87890906,Concertado,San Valero,Centro Privado de Educación Secundaria
50007728,41.65377578,Zaragoza,-0.87511371,Concertado,San Vicente De Paúl,Centro Privado con varias Enseñanzas de Régimen General
44010215,40.35450307,Teruel,-1.10839796,Público,Ciudad de Teruel,Escuela Pública de Música y/o Danza
22002016,42.36998988,Tierrantona,0.27070982,Público,La Fueva,Colegio Público
22010244,42.13257199,Tierz,-0.35338204,Público,DE TIERZ,Escuela de Educación Infantil
44010264,41.05204331,Torrecilla De Alcañiz,-0.13431866,Público,DE TORRECILLA DE ALCAÑIZ,Escuela de Educación Infantil
50004843,41.75867288,Torres De Berrellen,-1.06740569,Público,Tomás Romojaro,Colegio Público
50004879,41.31693715,Tosos,-1.07075009,Público,Tosos,Colegio Público
44004495,40.43035103,Tramacastilla,-1.57267007,Público,C.R.A. Sierra De Albarracín,Colegio Público
50017618,42.35838240,Uncastillo,-1.13534535,Público,ESCUELA MUNICIPAL DE MÚSICA,Escuela Pública de Música y/o Danza
50017199,41.70845688,Utebo,-1.00043247,Público,Escuela  De Música,Escuela Pública de Música y/o Danza
50010855,41.71137281,Utebo,-1.00462550,Público,Emilio Navarro,Centro Público de Educación de Personas Adultas (Presenc
50017606,41.70249287,Utebo,-0.99878273,Público,LA COMETA,Escuela de Educación Infantil
44010291,40.81239489,Utrillas,-0.84962976,Público,DE UTRILLAS,Escuela de Educación Infantil
44004598,40.87100895,Valderrobres,0.15655556,Público,Matarraña,Instituto de Educación Secundaria (IES)
44004884,40.87246991,Valderrobres,0.15380899,Público,C.P.E.P.A. De Valderrobres,Centro Público de Educación de Personas Adultas (Presenc
44010151,40.87135886,Valderrobres,0.15506964,Público,DE VALDERROBRES,Escuela Pública de Música y/o Danza
22010271,41.70436904,Vencillon,0.32355916,Público,DE VENCILLÓN,Escuela de Educación Infantil
44003478,40.69447003,Villafranca Del Campo,-1.34749799,Público,C.R.A. Alto Jiloca,Colegio Público
50017217,41.69180457,Villamayor,-0.77387050,Privado,Aldeas Infantiles Sos De España,Centro Privado de Educación Infantil
50009488,41.68566902,Villamayor,-0.77221874,Privado,Los Pueyos,Centro Privado de Educación  Especial
22004578,41.71365700,Villanueva De Sigena,-0.00542603,Público,Miguel Servet,Colegio Público
50007376,41.64467300,Zaragoza,-0.89893673,Privado,La Purísima  Para Niños Sordos,Centro Privado de Educación  Especial
50007421,41.64686721,Zaragoza,-0.87813403,Concertado,Sagrado Corazón,Centro Privado con varias Enseñanzas de Régimen General
50007613,41.65401146,Zaragoza,-0.92090729,Privado,San José,Centro Privado de Educación Infantil
50008058,41.64483840,Zaragoza,-0.86070761,Privado,Las Fuentes,Centro Privado de Educación Infantil
50008344,41.65703030,Zaragoza,-0.87959294,Privado,Escolanía Infantes Del Pilar,Centro Privado de Educación Primaria
50011801,41.67762172,Zaragoza,-0.89708439,Público,José Antonio Labordeta Subías,Colegio Público
50011847,41.67453289,Zaragoza,-0.88303991,Público,Josefa  Amar Y Borbón,Colegio Público
50017023,41.66017438,Zaragoza,-0.90211824,Privado,Puerta Sancho,Escuela Privada de Música y/o Danza
50017102,41.65104174,Zaragoza,-0.92768279,Público,Extensión De E.O.I.  Nº 1,Escuela Oficial de Idiomas (EOI)
50017163,41.65110553,Zaragoza,-0.89230856,Privado,Hermandad Del Refugio,Centro Privado de Educación Infantil
50017229,41.65360438,Zaragoza,-0.87774785,Privado,Bolandrina,Centro Privado de Educación Infantil
50017242,41.65205199,Zaragoza,-0.89055613,Privado,El Carmen,Centro Privado de Educación Infantil
50005549,41.58912804,Zaragoza,-0.95220604,Privado,Británico De Aragón,Centro Privado con varias Enseñanzas de Régimen General
50005616,41.64506894,Zaragoza,-0.95414083,Privado,San Antonio,Centro Privado de Educación  Especial
50010454,41.64419612,Zaragoza,-0.88458946,Privado,Adagio,Centro Privado de Música o Danza
50010740,41.67681260,Zaragoza,-0.88296513,Público,E.O.I. Nº 2,Escuela Oficial de Idiomas (EOI)
50007731,41.62870819,Zaragoza,-0.87107384,Concertado,Santa Ana,Centro Privado con varias Enseñanzas de Régimen General
50007777,41.63626277,Zaragoza,-0.92560401,Concertado,Santa Magdalena Sofía,Centro Privado con varias Enseñanzas de Régimen General
50007789,41.62627935,Zaragoza,-0.90054431,Concertado,Santa María Del Pilar,Centro Privado con varias Enseñanzas de Régimen General
50007790,41.64419759,Zaragoza,-0.90501241,Concertado,Santa María Reina,Centro Privado con varias Enseñanzas de Régimen General
50007807,41.65148286,Zaragoza,-0.88378646,Concertado,Santa Rosa,Centro Privado con varias Enseñanzas de Régimen General
50007820,41.64264742,Zaragoza,-0.88454843,Privado,Virgen Reina,Centro Privado de Educación Infantil
50007856,41.64646191,Zaragoza,-0.86001193,Concertado,Santo Domingo de Silos,Centro Privado con varias Enseñanzas de Régimen General
50007871,41.63579978,Zaragoza,-0.88878553,Privado,Santo Tomás De Aquino,Centro Privado de Educación Primaria
50007996,41.63290944,Zaragoza,-0.88654893,Concertado,Villa Cruz,Centro Privado con varias Enseñanzas de Régimen General
50008009,41.65413233,Zaragoza,-0.92728413,Concertado,Virgen Blanca,Centro Privado con varias Enseñanzas de Régimen General
50008149,41.66485814,Zaragoza,-0.87387933,Público,Eugenio López Y López,Colegio Público
50008174,41.63513144,Zaragoza,-0.88930655,Público,Miguel Servet,Instituto de Educación Secundaria (IES)
50008198,41.64274752,Zaragoza,-0.89112609,Público,Goya,Instituto de Educación Secundaria (IES)
50008277,41.64470518,Zaragoza,-0.90909281,Público,Jerónimo Zurita,Instituto de Educación Secundaria (IES)
50008289,41.65249468,Zaragoza,-0.87302097,Público,Pedro De Luna,Instituto de Educación Secundaria (IES)
50008332,41.63373772,Zaragoza,-0.90585627,Concertado,Romareda,Centro Privado con varias Enseñanzas de Régimen General
50008356,41.63770853,Zaragoza,-0.90532926,Público,Cesáreo Alierta,Colegio Público
50008368,41.63770853,Zaragoza,-0.90532926,Público,Doctor Azúa,Colegio Público
50008371,41.63681716,Zaragoza,-0.90624813,Público,César Augusto,Colegio Público
50008381,41.63588442,Zaragoza,-0.90546149,Público,Eliseo Godoy Beltrán,Colegio Público
50008459,41.65537982,Zaragoza,-0.90050826,Público,El Portillo,Instituto de Educación Secundaria (IES)
50008460,41.66317830,Zaragoza,-0.89570017,Público,Luis Buñuel,Instituto de Educación Secundaria (IES)
50008514,41.64884424,Zaragoza,-0.87810079,Público,Escuela De Arte,Escuela de Arte
50008605,41.87165422,Zuera,-0.79232664,Concertado,Ntra. Sra Del Pilar,Centro Privado con varias Enseñanzas de Régimen General
50008617,41.87247931,Zuera,-0.75541114,Concertado,San Gabriel,Centro Privado con varias Enseñanzas de Régimen General
22003847,42.50235205,Sabiñanigo,-0.36148369,Público,Puente Sardas,Colegio Público
22004104,41.79502223,Sariñena,-0.15800244,Público,La Laguna,Colegio Público
22004189,41.71385216,Sena,-0.04664175,Público,Alberto Galindo,Colegio Público
22004566,42.68051708,Villanua,-0.53289368,Público,Collarada,Colegio Público
22004608,41.60510755,Zaidin,0.26682186,Público,San Juan Bautista,Colegio Público
22004633,42.13856283,Huesca,-0.41166675,Público,El Parque,Colegio Público
22004657,42.14295113,Huesca,-0.41478377,Privado,Altoaragón,Centro Privado de Educación Secundaria
22004803,42.13870422,Huesca,-0.40968595,Privado,Alfred,Centro Privado de Formación Profesional Específica
22004840,41.91431595,Monzon,0.19247363,Público,Aragón,Colegio Público
44001378,40.79649008,Escucha,-0.80930428,Público,Antonio Gargallo Moya,Colegio Público
44002061,40.83150420,Mas De Las Matas,-0.24323006,Público,Valero Serrano,Colegio Público
44002191,40.83556513,Montalban,-0.79866593,Público,Cuencas Mineras,Colegio Público
44002541,40.63451401,Perales Del Alfambra,-1.00332116,Público,C.R.A. Teruel Uno,Colegio Público
44002942,40.14026194,Sarrión,-0.81011183,Público,C.P. De Sarrión,Colegio Público
44003041,40.33257021,Teruel,-1.09998610,Concertado,La Salle-San José,Centro Privado con varias Enseñanzas de Régimen General
44003077,40.35199534,Teruel,-1.11939750,Concertado,Las Viñas,Centro Privado con varias Enseñanzas de Régimen General
44003090,40.34359040,Teruel,-1.10927092,Público,Pierres Vedel,Colegio Público
44003156,40.33338271,Teruel,-1.10840334,Concertado,Victoria Diez,Centro Privado con varias Enseñanzas de Régimen General
44003171,40.34009583,Teruel,-1.10579718,Concertado,La Purísima Y Santos Mártires,Centro Privado con varias Enseñanzas de Régimen General
44003211,40.33222124,Teruel,-1.10659747,Público,Santa Emerenciana,Instituto de Educación Secundaria (IES)
50011720,41.49668514,Bujaraloz,-0.15406740,Público,Sección  Del I.E.S. Mar De Aragón,Instituto de Educación Secundaria (IES)
50011732,41.23340243,Caspe,-0.04381661,Público,Mar De Aragón,Instituto de Educación Secundaria (IES)
50011768,41.67633811,Zaragoza,-0.89201068,Privado,La Casita De Nany,Centro Privado de Educación Infantil
50011781,41.63227709,Zaragoza,-0.90321822,Concertado,Valle De Tena,Centro Privado de Formación Profesional Específica
50011793,41.65307422,Zaragoza,-0.90389318,Privado,Arte-Miss Zaragoza Centro 1,Centro Privado de Formación Profesional Específica
50011872,41.66035970,Zaragoza,-0.87477471,Público,Villacampa,Escuela de Educación Infantil
50017001,41.67625974,Zaragoza,-0.87803713,Privado,Andarines,Centro Privado de Educación Infantil
50017011,41.65974478,Zaragoza,-0.90101478,Privado,Educando,Centro Privado de Educación Infantil
50017035,42.26223124,Biota,-1.18939024,Público,E.E.I. De Biota,Escuela de Educación Infantil
50017047,41.66800669,Zaragoza,-0.88415587,Privado,Actur,Centro Privado de Música o Danza
50017059,41.63830330,Zaragoza,-0.90808529,Privado,Centro de Diseño HACER CREATIVO,Centro Privado Superior de Artes Plásticas y Diseño
50017060,41.65226969,Zaragoza,-0.89732283,Privado,Federico Chopín,Escuela Privada de Música y/o Danza
50017072,41.68115591,Zaragoza,-0.87233890,Público,Parque Goya,Colegio Público
50017084,41.35072981,Calatayud,-1.64677825,Privado,Pequeayud,Centro Privado de Educación Infantil
50017126,41.23340243,Caspe,-0.04381661,Público,Extensión De E.O.I.,Escuela Oficial de Idiomas (EOI)
50017138,41.67175946,Zaragoza,-0.88543493,Privado,La Pequeña Cometa,Centro Privado de Educación Infantil
50017141,41.20984857,Herrera De Los Navarros,-1.08483808,Público,Zagalicos,Escuela de Educación Infantil
50017151,41.52450528,Calatorao,-1.34513938,Público,E.E.I. De Calatorao,Escuela de Educación Infantil
50017175,41.64186084,Zaragoza,-0.87061548,Privado,Ntra. Sra. De Los Dolores,Centro Privado de Educación Infantil
50017254,41.62537307,Zaragoza,-0.88084570,Privado,Siervas De Los Pobres,Centro Privado de Educación Infantil
50017266,41.62779447,Zaragoza,-0.89155113,Privado,Muñecos,Centro Privado de Educación Infantil
50017278,41.48675314,Pina De Ebro,-0.52869430,Público,Escuela De Música,Escuela Pública de Música y/o Danza
50017281,41.35464966,Calatayud,-1.64058454,Público,Escuela  De Música,Escuela Pública de Música y/o Danza
22000585,42.27613514,Ayerbe,-0.68825059,Público,Ramón Y Cajal,Colegio Público
22000743,42.03457662,Barbastro,0.11405672,Privado,La Inmaculada,Centro Privado de Educación Secundaria
22000809,42.03294138,Barbastro,0.13169369,Público,Hermanos Argensola,Instituto de Educación Secundaria (IES)
22001085,41.85023174,Binefar,0.29640483,Concertado,Virgen Del Romeral,Centro Privado con varias Enseñanzas de Régimen General
22001191,42.30322242,Bolea,-0.57826104,Público,Virgen De La Soledad,Colegio Público
22001218,42.44128041,Boltaña,0.07618790,Público,E.H. De Boltaña,Residencia
22001243,42.60345307,Broto,-0.12162929,Público,C.R.A. Alto Ara,Colegio Público
22001887,41.52304309,Fraga,0.34153153,Público,San José De Calasanz,Colegio Público
22000721,42.03294138,Barbastro,0.13169369,Público,Alto Aragón,Colegio Público
22001905,41.52296350,Litera,0.36169670,Público,C.P. De Litera,Colegio Público
22001917,41.52323702,Fraga,0.34338947,Público,Ramón J. Sender,Instituto de Educación Secundaria (IES)
22002119,41.94190564,Grañen,-0.36587259,Público,Santiago Apóstol,Colegio Público
22002168,42.19218223,Graus,0.34766589,Público,Baltasar Gracián,Instituto de Educación Secundaria (IES)
22002302,42.14084051,Huesca,-0.41921912,Público,Juan XXIII,Colegio Público
22002338,42.14213234,Huesca,-0.39668045,Público,Pío XII,Colegio Público
22002341,42.13555495,Huesca,-0.40458397,Público,Sancho Ramírez,Colegio Público
22002405,42.14342610,Huesca,-0.40999000,Privado,San José,Centro Privado de Educación Infantil
22002430,42.14230413,Huesca,-0.41180498,Concertado,Salesiano San Bernardo,Centro Privado con varias Enseñanzas de Régimen General
22002466,42.14295113,Huesca,-0.41478377,Concertado,Santa Rosa,Centro Privado con varias Enseñanzas de Régimen General
22002508,42.13897145,Huesca,-0.41625879,Público,Ramón Y Cajal,Instituto de Educación Secundaria (IES)
22002521,42.13578063,Huesca,-0.40271958,Público,Sierra De Guara,Instituto de Educación Secundaria (IES)
22002569,42.13049032,Huesca,-0.41790794,Público,Alcoraz,Colegio Público
22002673,42.56766003,Jaca,-0.55463901,Público,San Juan De La Peña,Colegio Público
22002703,42.56510306,Jaca,-0.55234247,Concertado,Escuelas Pías,Centro Privado con varias Enseñanzas de Régimen General
22002715,42.56759015,Jaca,-0.55048078,Concertado,Santa María,Centro Privado con varias Enseñanzas de Régimen General
22002843,41.76931606,Lanaja,-0.32896263,Público,C.R.A. Monegros Norte,Colegio Público
22003215,41.91217650,Monzon,0.19288372,Público,Joaquín Costa,Colegio Público
50002275,41.51101711,Fuentes De Ebro,-0.62695461,Público,Luis García Saínz,Colegio Público
50002329,41.86606348,Gallur,-1.31663775,Público,María Domínguez,Colegio Público
50002433,41.20984857,Herrera De Los Navarros,-1.08483808,Público,San Jorge,Colegio Público
50002457,41.53985109,Illueca,-1.62616272,Público,Benedicto XIII,Colegio Público
50002810,41.12376149,Maella,0.13766592,Público,Virgen Del Portal,Colegio Público
50003048,41.37553303,Mequinenza,0.30446750,Público,María Quintana,Colegio Público
50003504,41.93345531,Novillas,-1.39603831,Público,San Nicasio,Colegio Público
50003711,41.61922033,Pastriz,-0.78352034,Público,La Portalada,Colegio Público
50003735,41.78682336,Pedrola,-1.21713843,Público,Cervantes,Colegio Público
50003838,41.49071755,Pina De Ebro,-0.52709912,Concertado,Santa María De La Esperanza,Centro Privado con varias Enseñanzas de Régimen General
22004891,42.50256439,Sabiñanigo,-0.36201486,Público,Biello Aragón,Instituto de Educación Secundaria (IES)
22004955,42.13277472,Huesca,-0.40356361,Público,Miguel Hernández,Centro Público de Educación de Personas Adultas (Presenc
22005145,42.14056089,Huesca,-0.40203880,Público,Escuela De Arte,Escuela de Arte
22005364,41.85134931,Binefar,0.29293095,Público,Escuela  De Música,Escuela Pública de Música y/o Danza
22005443,42.51974711,Sabiñanigo,-0.37071858,Público,Conservatorio Elemental De Música,Conservatorio de Música o Danza
22005480,41.90926342,Monzon,0.19598697,Público,Cinca Medio,Centro Público de Educación de Personas Adultas (Presenc
22005492,42.57698836,Jaca,-0.54130491,Público,Jacetania,Centro Público de Educación de Personas Adultas (Presenc
22005509,42.18921387,Graus,0.33678017,Público,Ribagorza,Centro Público de Educación de Personas Adultas (Presenc
22005558,42.44420044,Boltaña,0.06996924,Público,Sobrarbe,Centro Público de Educación de Personas Adultas (Presenc
22005561,42.51932452,Sabiñanigo,-0.36580228,Público,Alto Gállego,Centro Público de Educación de Personas Adultas (Presenc
22005583,41.78911527,Sariñena,-0.15844162,Público,Monegros,Centro Público de Educación de Personas Adultas (Presenc
22005595,41.91647891,Monzon,0.19003721,Público,Ignacio Luzán,Escuela Oficial de Idiomas (EOI)
22005698,41.93034709,Peralta De Alcofea,-0.06742379,Público,C.R.A. A Redolada,Colegio Público
50011586,41.67258142,Zaragoza,-0.88590616,Privado,Fantasía,Centro Privado de Educación Infantil
50011604,41.63877608,Zaragoza,-0.87259500,Privado,Cittá Di Roma,Centro Privado de Música o Danza
50011616,41.65023206,Zaragoza,-0.89996576,Privado,Alfred,Centro Privado de Formación Profesional Específica
50011628,41.65630712,Zaragoza,-0.86474325,Privado,Tic Tac,Centro Privado de Educación Infantil
50011631,41.65366996,Zaragoza,-0.88514831,Privado,Academia Pignatelli,Centro Privado de Formación Profesional Específica
50011641,41.63937149,Zaragoza,-0.90731545,Privado,Angel Mingote,Centro Privado de Música o Danza
50011665,41.12388539,Maella,0.13714480,Público,Sección  Del I.E.S Mar De Aragón,Instituto de Educación Secundaria (IES)
50011689,41.37553303,Mequinenza,0.30446750,Público,Sección Del I.E.S. Bajo Cinca,Instituto de Educación Secundaria (IES)
50005781,41.66899079,Zaragoza,-0.82997621,Concertado,La Concepción,Centro Privado con varias Enseñanzas de Régimen General
50005823,41.67842857,Venta Del Olivar,-0.96501334,Concertado,Condes De Aragón,Centro Privado con varias Enseñanzas de Régimen General
50005872,41.68593929,Villamayor,-0.76821692,Público,Mariano Castillo,Colegio Público
50005896,41.65460545,Zaragoza,-0.91100736,Público,Ana Mayayo,Colegio Público
50005902,41.64794927,Zaragoza,-0.90404660,Público,Andrés Manjón,Colegio Público
50005914,41.64402867,Zaragoza,-0.90152214,Público,Recarte Y Ornat,Colegio Público
50005926,41.65905827,Zaragoza,-0.87359253,Público,Cándido Domingo,Colegio Público
50005951,41.62702077,Zaragoza,-0.89040130,Público,Domingo Miral,Colegio Público
50005963,41.65104174,Zaragoza,-0.92768279,Público,Fernando El Católico,Colegio Público
50005975,41.64946054,Zaragoza,-0.87796395,Público,Gascón Y Marín,Colegio Público
50006001,41.66400430,Zaragoza,-0.89941156,Público,Jerónimo Zurita Y Castro,Colegio Público
50006013,41.65165356,Zaragoza,-0.89196921,Público,Joaquín Costa,Colegio Público
50006025,41.64739819,Zaragoza,-0.90616079,Público,José María Mir,Colegio Público
50006037,41.66018345,Zaragoza,-0.85832187,Público,La Jota,Colegio Público
50006049,41.64726385,Zaragoza,-0.86509258,Público,Julián Sanz Ibáñez,Colegio Público
50006751,41.65477436,Zaragoza,-0.88599589,Concertado,Escuelas Pías,Centro Privado con varias Enseñanzas de Régimen General
50006761,41.63351462,Zaragoza,-0.87105625,Concertado,Escuelas Pías De Santa Engracia,Centro Privado con varias Enseñanzas de Régimen General
50006797,41.64685167,Zaragoza,-0.91548224,Concertado,Padre Enrique De Ossó,Centro Privado con varias Enseñanzas de Régimen General
50006803,41.65105499,Zaragoza,-0.91992698,Concertado,María Inmaculada,Centro Privado con varias Enseñanzas de Régimen General
50010272,41.63208702,Zaragoza,-0.90036278,Concertado,El Salvador,Centro Privado con varias Enseñanzas de Régimen General
50010296,41.71317501,Utebo,-1.02229893,Público,Infanta Elena,Colegio Público
50010302,41.64240606,Zaragoza,-0.86193754,Público,Francisco Grande Covián,Instituto de Educación Secundaria (IES)
50010326,41.65006419,Zaragoza,-0.87829236,Público,Conservatorio Superior De Música,Conservatorio de Música o Danza
50010387,41.66747665,Zaragoza,-0.89401660,Público,Alborada,Colegio Público de Educación Especial
50010399,41.66904341,Zaragoza,-0.89482169,Público,Río Ebro,Colegio Público
50010417,41.64729922,Zaragoza,-0.88112668,Privado,Bela Bartok,Centro Privado de Música o Danza
50010430,41.11443148,Daroca,-1.41259142,Público,Pablo Bruna,Escuela Pública de Música y/o Danza
50010442,41.65017413,Zaragoza,-0.88186683,Privado,Niccolo Paganini,Centro Privado de Música o Danza
50010478,41.64797830,Zaragoza,-0.91496185,Público,Ciudad De Zaragoza,Colegio Público
50010481,41.66491211,Zaragoza,-0.88146690,Público,Cortes De Aragón,Colegio Público
50010491,41.65724663,Zaragoza,-0.91686414,Público,Santiago Hernández,Instituto de Educación Secundaria (IES)
50010511,41.67742329,Zaragoza,-0.88309190,Público,Tiempos Modernos,Instituto de Educación Secundaria (IES)
50010727,41.66816456,Zaragoza,-0.89444856,Público,Elaios,Instituto de Educación Secundaria (IES)
50010739,41.65991796,Zaragoza,-0.86081285,Público,Pilar Lorengar,Instituto de Educación Secundaria (IES)
50010818,41.35031072,Calatayud,-1.64386707,Público,Marco Valerio Marcial,Centro Público de Educación de Personas Adultas (Presenc
50010821,41.33670281,Cariñena,-1.22255432,Público,Ricardo Sola Almau,Centro Público de Educación de Personas Adultas (Presenc
50010831,41.23659827,Caspe,-0.04345001,Público,Joaquín Costa,Centro Público de Educación de Personas Adultas (Presenc
50010879,41.65547356,Zaragoza,-0.86643323,Público,Margen  Izquierda,Centro Público de Educación de Personas Adultas (Presenc
50010880,41.64581696,Zaragoza,-0.91415062,Público,Juan José Lorente,Centro Público de Educación de Personas Adultas (Presenc
50010892,41.35031072,Calatayud,-1.64386707,Público,E.O.I. De Calatayud,Escuela Oficial de Idiomas (EOI)
50010910,41.64039882,Zaragoza,-0.89094508,Privado,Santa Cecilia,Centro Privado de Música o Danza
50011033,41.71131965,Utebo,-0.99707769,Público,E.O.I. De Utebo,Escuela Oficial de Idiomas (EOI)
50011069,41.72260784,Casetas,-1.02545794,Público,Ángel Sanz Briz,Instituto de Educación Secundaria (IES)
50011070,41.78328389,Pedrola,-1.22467285,Público,Siglo XXI,Instituto de Educación Secundaria (IES)
50011094,41.63830330,Zaragoza,-0.90808529,Privado,Centro De Formación Empresarial C.A.I.,Centro Privado de Formación Profesional Específica
50011124,41.63247476,Lumpiaque,-1.30011222,Público,C.R.A. De Lumpiaque,Colegio Público
50011151,41.28675879,Maluenda,-1.61736303,Público,C.R.A. Tres Riberas,Colegio Público
50011173,41.39749174,Moros,-1.82956761,Público,C.R.A. El Mirador,Colegio Público
50011197,41.05493816,Used,-1.55839840,Público,C.R.A. Cerro De Santa Cruz,Colegio Público
50011203,41.25891690,Azuara,-0.87317617,Público,C.R.A. L' Albardín,Colegio Público
50011227,41.94874260,Novallas,-1.69730041,Público,C.R.A. Bécquer,Colegio Público
50011239,41.76640916,Figueruelas,-1.17293305,Público,C.R.A. Ínsula Barataria,Colegio Público
50017540,41.47640688,Almunia De Doña Godina (La),-1.37598211,Público,DE LA ALMUNIA DE DOÑA GODINA,Escuela de Educación Infantil
44004574,41.05248725,Alcañiz,-0.12570559,Público,Río Guadalope,Centro Público de Educación de Personas Adultas (Presenc
22010384,42.17303508,Alquezar,0.02508047,Privado,ESCUELA DE MONTAÑA DE ALQUÉZAR,Centro Privado de Enseñanzas Deportivas
22010116,41.80126102,Altorricon,0.41281091,Público,E.E.I. DE ALTORRICÓN,Escuela de Educación Infantil
44005220,40.97568391,Andorra,-0.44488192,Público,C.P.E.P.A. De Andorra,Centro Público de Educación de Personas Adultas (Presenc
44004653,40.97687385,Andorra,-0.45056895,Público,Pablo Serrano,Instituto de Educación Secundaria (IES)
50006931,41.64976015,Zaragoza,-0.87855692,Privado,Jesús Reparador,Centro Privado de Educación Infantil
50007005,41.65163426,Zaragoza,-0.90773999,Privado,Madre De Dios De Begoña,Centro Privado de Educación Infantil
50008629,41.93371714,Zuera,-0.76135579,Concertado,E.F.A. El Salto,Centro Privado de Formación Profesional Específica
50008642,41.65026168,Zaragoza,-0.92771742,Público,I.E.S. María Moliner,Instituto de Educación Secundaria (IES)
50008678,42.12848664,Ejea De Los Caballeros,-1.13020538,Público,Rector Mamés Esperabé,Colegio Público
50008691,41.65245881,Zaragoza,-0.92402704,Público,Ramiro Soláns,Colegio Público
50008708,41.63670975,Zaragoza,-0.89190587,Privado,Lady Car,Centro Privado de Formación Profesional Específica
50008770,41.91514367,Tauste,-1.25566822,Público,Río Arba,Instituto de Educación Secundaria (IES)
50008964,41.63785968,Zaragoza,-0.90446162,Privado,Montessori,Centro Privado de Educación Infantil
50008976,41.67891874,Venta Del Olivar,-0.96322743,Concertado,Antonio Machado,Centro Privado con varias Enseñanzas de Régimen General
50009051,41.64579385,Zaragoza,-0.88742601,Concertado,Plus Ultra,Centro Privado de Formación Profesional Específica
50009129,42.12292825,Ejea De Los Caballeros,-1.13766188,Público,Cinco Villas,Instituto de Educación Secundaria (IES)
50009142,41.63978264,Zaragoza,-0.86952993,Privado,Heidi,Centro Privado de Educación Infantil
50009166,41.62506947,Zaragoza,-0.87925090,Público,José  Manuel Blecua,Instituto de Educación Secundaria (IES)
50009178,41.63436696,Zaragoza,-0.87276521,Público,Pablo Gargallo,Instituto de Educación Secundaria (IES)
50009208,41.64403726,Zaragoza,-0.86163034,Público,Torre Ramona,Colegio Público
50009221,41.37553303,Mequinenza,0.30446750,Concertado,Santa Agatoclia,Centro Privado de Formación Profesional Específica
50009324,41.65659951,Zaragoza,-0.89181055,Privado,O.S.C.U.S.,Centro Privado de Educación de Personas Adultas (Presenc
50009385,41.67706379,Zaragoza,-0.87771793,Público,Zalfonada,Colegio Público
50009403,41.64871224,Zaragoza,-0.86470862,Público,Las Fuentes,Colegio Público
50009452,41.63307357,Zaragoza,-0.87385138,Público,María Moliner,Colegio Público
50009476,41.35376614,Calatayud,-1.64344706,Privado,Academia Izquierdo,Centro Privado de Formación Profesional Específica
50009491,41.64686087,Zaragoza,-0.90301768,Privado,Paidos,Centro Privado de Educación  Especial
50009531,41.62550556,Zaragoza,-0.88181738,Público,Ramón Saínz De Varanda,Colegio Público
50009543,41.50858280,Fuentes De Ebro,-0.63095705,Público,Benjamín Jarnés,Instituto de Educación Secundaria (IES)
50009567,41.66879617,Zaragoza,-0.84365184,Público,Río Gállego,Instituto de Educación Secundaria (IES)
50009610,41.77096762,Alagon,-1.12058022,Privado,Alaún,Centro Privado de Educación de Personas Adultas (Presenc
50009725,41.65093297,Zaragoza,-0.90773748,Privado,Codef,Centro Privado de Educación de Personas Adultas (Presenc
50006050,41.63212586,Zaragoza,-0.88737047,Público,Luis Vives,Colegio Público
50006074,41.64366702,Zaragoza,-0.86524216,Público,Marcos Frechín,Colegio Público
50006128,41.66855710,Zaragoza,-0.87363223,Público,San Braulio,Colegio Público
50006141,41.65775999,Zaragoza,-0.88499781,Público,Santo Domingo,Colegio Público
50006153,41.63918872,Zaragoza,-0.87837595,Público,San José De Calasanz,Colegio Público
50006165,41.66258615,Zaragoza,-0.87531757,Público,Tío Jorge,Colegio Público
50011719,41.30659512,Belchite,-0.75832874,Público,Sección Del I.E.S.Benjamín Jarnés,Instituto de Educación Secundaria (IES)
50006207,41.63588317,Zaragoza,-0.87084869,Público,Calixto Ariño-Hilario Val,Colegio Público
50006219,41.65332808,Zaragoza,-0.90400983,Público,Emilio Moreno Calvete,Colegio Público
50006220,41.65925784,Zaragoza,-0.86735644,Público,Hilarión Gimeno,Colegio Público
50006232,41.65547025,Zaragoza,-0.89942041,Público,Juan XXIII,Colegio Público
50006281,41.63945844,Zaragoza,-0.86675674,Público,Tomás Alvira,Colegio Público
50006311,41.63840590,Zaragoza,-0.89388148,Público,Basilio Paraíso,Colegio Público
50006414,41.62572242,Zaragoza,-0.90589299,Público,Virgen Del Pilar,Instituto de Educación Secundaria (IES)
50006426,41.63138281,Zaragoza,-0.88684121,Privado,Adventista Rigel,Centro Privado de Educación Primaria
50006438,41.66267762,Zaragoza,-0.90270866,Público,La Almozara,Colegio Público
50006463,41.65675600,Zaragoza,-0.89129780,Concertado,La Anunciata,Centro Privado con varias Enseñanzas de Régimen General
50006529,41.62999949,Zaragoza,-0.88172740,Concertado,El Buen Pastor,Centro Privado con varias Enseñanzas de Régimen General
50006542,41.63917473,Zaragoza,-0.88849880,Concertado,Calasancio,Centro Privado con varias Enseñanzas de Régimen General
50006554,41.65295208,Zaragoza,-0.88336077,Concertado,Calasanz,Centro Privado con varias Enseñanzas de Régimen General
50006566,41.64204918,Zaragoza,-0.89545220,Concertado,Cardenal Xavierre,Centro Privado con varias Enseñanzas de Régimen General
50006578,41.64800527,Zaragoza,-0.87801692,Concertado,Cantín Y Gamboa,Centro Privado con varias Enseñanzas de Régimen General
50006633,41.64964637,Zaragoza,-0.88626649,Concertado,Compañía De María,Centro Privado con varias Enseñanzas de Régimen General
50006682,41.63519408,Zaragoza,-0.88841742,Privado,Divina Pastora,Centro Privado de Educación Infantil
50004430,41.73928431,Sobradiel,-1.03632255,Público,Subpradel,Colegio Público
50004545,41.90653682,Tarazona,-1.72546352,Público,Joaquín Costa,Colegio Público
50004570,41.90587828,Tarazona,-1.72854358,Concertado,Sagrada Familia,Centro Privado con varias Enseñanzas de Régimen General
50004594,41.90150939,Tarazona,-1.72348683,Concertado,Ntra. Sra. Del Pilar,Centro Privado con varias Enseñanzas de Régimen General
50004612,41.90608101,Tarazona,-1.72142146,Público,C.P. Moncayo,Colegio Público
50004648,41.98520763,Sancho Abarca,-1.26981703,Público,Sancho Abarca,Colegio Público
50004703,41.91771401,Tauste,-1.25408975,Público,Alfonso I El Batallador,Colegio Público
50005011,41.71024110,Utebo,-0.99939134,Público,Miguel  Artazos Tamé,Colegio Público
50005276,41.77074655,Villanueva de Gállego,-0.82569646,Público,Pintor  Pradilla,Colegio Público
50005331,41.19202823,Villarreal De Huerva,-1.28778206,Público,Fernando El Católico,Colegio Público
50005422,41.60763978,Cartuja Baja,-0.82423398,Público,Ángel Escoriaza,Colegio Público
50005483,41.63207400,Zaragoza,-0.91499209,Privado,Virgen De Guadalupe,Centro Privado de Educación Infantil
50005537,41.62783857,Zaragoza,-0.90628732,Concertado,Madre María Rosa Molas,Centro Privado con varias Enseñanzas de Régimen General
50005550,41.71877638,Casetas,-1.02459885,Público,Ricardo Mur,Colegio Público
50005574,41.68326255,Garrapinillos,-1.02403901,Público,Gustavo Adolfo Bécquer,Colegio Público
50005586,41.69279153,Juslibol,-0.89817746,Público,Juan Enrique Iranzo,Colegio Público
50005598,41.65940999,Zaragoza,-0.94378303,Público,Julián Nieto Tapia,Colegio Público
50005628,41.66355251,Zaragoza,-0.92752550,Privado,San Alberto Magno,Centro Privado con varias Enseñanzas de Régimen General
50005631,41.68314668,Montañana,-0.82578237,Público,Hermanos Argensola,Colegio Público
50005641,41.70038570,Monzalbarba,-0.97141101,Público,Fernández Vizarra,Colegio Público
50005653,41.64998843,Movera,-0.82192343,Público,Maestro Don  Pedro Orós,Colegio Público
50005677,41.66839868,Movera,-0.83913268,Público,Juan Pablo Bonet,Colegio Público
50005707,41.75897678,Peñaflor,-0.79770333,Público,Florencio Jardiel,Colegio Público
50005744,41.71626470,San Juan De Mozarrifar,-0.84230636,Público,Andrés Oliván,Colegio Público
50010156,41.66025528,Zaragoza,-0.93972260,Público,Miralbueno,Instituto de Educación Secundaria (IES)
50010168,41.63892849,Zaragoza,-0.90512367,Concertado,Condes De Aragón,Centro Privado de Formación Profesional Específica
50010171,41.67742329,Zaragoza,-0.88309190,Público,Hermanos Marx,Colegio Público
50010193,41.66257274,Zaragoza,-0.90005146,Público,Puerta De Sancho,Colegio Público
50010223,41.63955226,Zaragoza,-0.89387762,Privado,Manuel De Falla,Centro Privado de Música o Danza
50011264,41.65430049,Zaragoza,-0.87450021,Público,Conservatorio Profesional De Música,Conservatorio de Música o Danza
50011343,41.17645264,Fabara,0.16532823,Público,C.R.A. Dos Aguas,Colegio Público
50011367,41.41581811,Frasno (El),-1.49294760,Público,C.R.A. Vicort-Isuela,Colegio Público
50005513,41.62596133,Zaragoza,-0.90788759,Concertado,Sagrada Familia,Centro Privado con varias Enseñanzas de Régimen General
50011380,41.46665575,Muel,-1.08582662,Público,C.R.A. Orba,Colegio Público
50011409,41.57544620,Villafranca De Ebro,-0.64878409,Público,C.R.A. La Sabina,Colegio Público
50011410,42.28086034,Sadaba,-1.27132585,Público,C.R.A. Los Bañales,Colegio Público
50011434,41.51470144,Fuentes De Ebro,-0.63601640,Público,C.P.E.P.A. De Fuentes De Ebro,Centro Público de Educación de Personas Adultas (Presenc
50011446,41.65654977,Zaragoza,-0.88389715,Público,Gómez Lafuente,Centro Público de Educación de Personas Adultas (Presenc
50011458,41.63556635,Zaragoza,-0.88550701,Público,Casa  Canal,Centro Público de Educación de Personas Adultas (Presenc
50011461,41.63258100,Puebla De Alfinden (La),-0.75481480,Público,C.P.E.P.A. De La Puebla De Alfindén,Centro Público de Educación de Personas Adultas (Presenc
50011495,41.63932310,Zaragoza,-0.89997307,Público,Conservatorio Municipal Elemental Música,Conservatorio de Música o Danza
50011501,41.63932310,Zaragoza,-0.89997307,Público,Conservatorio Municipal Profesional De Danza,Conservatorio de Música o Danza
50011513,41.90800580,Tarazona,-1.72079172,Público,Tubalcaín,Instituto de Educación Secundaria (IES)
50011525,41.63372800,Zaragoza,-0.90207207,Público,Miguel Catalán,Instituto de Educación Secundaria (IES)
50011549,41.64058423,Zaragoza,-0.90285337,Público,Escuela  De Música Y Danza,Escuela Pública de Música y/o Danza
50011562,41.64541903,Zaragoza,-0.91590009,Público,Antonio Beltrán Martínez,Colegio Público
50017230,42.12281706,Ejea De Los Caballeros,-1.14269729,Público,Escuela De Música De Ejea De Los Caballeros,Escuela Pública de Música y/o Danza
50010843,42.12803390,Ejea De Los Caballeros,-1.13414439,Público,Exea,Centro Público de Educación de Personas Adultas (Presenc
50010909,42.12803390,Ejea De Los Caballeros,-1.13414439,Público,E.O.I. De Ejea De Los Caballeros,Escuela Oficial de Idiomas (EOI)
50011008,41.60771692,Epila,-1.29741305,Público,IES Rodanas,Instituto de Educación Secundaria (IES)
50011215,42.11595305,Erla,-0.94879062,Público,C.R.A. Monlora,Colegio Público
50002032,41.28989045,Escatron,-0.32322977,Público,San Javier,Colegio Público
22010104,41.79748954,Esplus,0.27316492,Público,E.E.I. DE ESPLÚS,Escuela de Educación Infantil
50018064,41.64993266,Zaragoza,-0.93332895,Privado,MI COLE,Centro Privado de Educación Infantil
50017916,41.53489200,Maria De Huerva,-0.99972831,Público,C.P. San Roque,Colegio Público
44010318,40.35199534,Teruel,-1.11939750,Privado,MAFALDA-LAS VIÑAS,Centro Privado de Educación Infantil
50018052,41.64556018,Zaragoza,-0.89543282,Privado,PATINETE,Centro Privado de Educación Infantil
22010441,42.14328420,Huesca,-0.42068123,Privado,ALBADA,Centro Privado de Educación Infantil
44010173,40.73650693,Ojos Negros,-1.49941085,Público,DE OJOS NEGROS,Escuela de Educación Infantil
44010185,41.04819432,Mazaleon,0.10119743,Público,DE MAZALEÓN,Escuela de Educación Infantil
50018313,41.77505542,Villanueva de Gállego,-0.82120420,Público,ZAGALICOS,Escuela de Educación Infantil
50018374,41.62851069,Zaragoza,-0.87408391,Público,LA PAZ,Escuela de Educación Infantil
22010301,41.82468022,Binaced,0.19975973,Público,ABABOL,Escuela de Educación Infantil
50018234,41.66020947,Zaragoza,-0.87091950,Privado,LA LOCOMOTORA,Centro Privado de Educación Infantil
50018192,41.64490350,Zaragoza,-0.86962008,Público,LA PIRAÑA,Escuela de Educación Infantil
50018179,41.37663416,Mequinenza,0.30250446,Público,LA RUELLA,Escuela de Educación Infantil
50018180,41.73928431,Sobradiel,-1.03632255,Público,LA PARVADICA,Escuela de Educación Infantil
50018441,41.50887303,Fuentes De Ebro,-0.62864620,Público,DE FUENTES DE EBRO,Escuela de Educación Infantil
50018039,41.59892142,Epila,-1.27685403,Público,ISABEL DE ARAGÓN,Escuela de Educación Infantil
22010438,42.01557196,Gurrea De Gallego,-0.76365492,Público,DE GURREA DE GÁLLEGO,Escuela de Educación Infantil
50017977,41.52359616,Brea De Aragon,-1.59862953,Público,DE BREA DE ARAGÓN,Escuela de Educación Infantil
22010396,42.12827999,Huesca,-0.40365144,Privado,KID'S GARDEN HUESCA,Centro Privado de Educación Infantil
50018167,41.67517738,Zaragoza,-0.87761466,Privado,DUENDEDUCA,Centro Privado de Educación Infantil
50009749,41.66340747,Zaragoza,-0.85802428,Público,La Estrella,Colegio Público
50009762,41.64226418,Zaragoza,-0.90490928,Público,E.O.I. Nº 1,Escuela Oficial de Idiomas (EOI)
50009774,41.65690962,Zaragoza,-0.89046282,Privado,Cumbre,Centro Privado de Formación Profesional Específica
50017527,41.66601345,Zaragoza,-0.87251141,Público,PIRINEOS,Escuela de Educación Infantil
50009889,41.65421623,Zaragoza,-0.88527717,Concertado,Academia Marco,Centro Privado de Formación Profesional Específica
50009944,41.65329864,Zaragoza,-0.91337669,Público,Monsalud,Colegio Público
50009993,41.65110610,Zaragoza,-0.87631675,Público,Concepción Arenal,Centro Público de Educación de Personas Adultas (Presenc
50010028,41.77096762,Alagon,-1.12058022,Concertado,Alaún,Centro Privado de Formación Profesional Específica
50010090,41.63536363,Zaragoza,-0.90670401,Privado,María Montessori,Centro Privado de Formación Profesional Específica
22010131,42.03715529,Barbastro,0.12575656,Público,ESCUELA DE MÚSICA,Escuela Pública de Música y/o Danza
22010153,42.13487868,Huesca,-0.41260398,Privado,ACEP ARAGÓN - HUESCA,Centro Privado de Formación Profesional Específica
22010189,42.13425041,Huesca,-0.40262416,Privado,PARCHÍS,Centro Privado de Educación Infantil
44010070,40.34323218,Teruel,-1.10778114,Público,EXTENSIÓN DE ESCUELA SUPERIOR DE DISEÑO,Escuela Superior de Artes Plásticas y Diseño
44010082,41.04390618,Alcañiz,-0.12810018,Privado,VEO-VEO,Centro Privado de Educación Infantil
50006670,41.67738343,Zaragoza,-0.87188411,Privado,CHILDREN,Centro Privado de Educación Infantil
50017291,41.62737857,Zaragoza,-0.87554841,Privado,NUESTRA SEÑORA DE LA PAZ,Centro Privado de Educación Infantil
50017321,41.73579405,Pinseque,-1.09952837,Público,E.E.I. DE PINSEQUE,Escuela de Educación Infantil
50017345,41.67150415,Zaragoza,-0.89331943,Privado,EL MANZANO,Centro Privado de Educación Infantil
50017357,41.65814438,Zaragoza,-0.89339452,Privado,ROMERO II,Centro Privado de Formación Profesional Específica
50017370,41.65431252,Zaragoza,-0.87941292,Privado,ESCUELA POPULAR DE MÚSICA,Escuela Privada de Música y/o Danza
50017382,41.65398330,Zaragoza,-0.85891133,Privado,CHICOTES,Centro Privado de Educación Infantil
50017400,41.63552958,Zaragoza,-0.88592661,Privado,PABLO NASSARRE,Escuela Privada de Música y/o Danza
50017412,41.47850611,Almunia De Doña Godina (La),-1.37193503,Público,ESCUELA DE MÚSICA,Escuela Pública de Música y/o Danza
50017424,41.66533760,Zaragoza,-0.88966452,Privado,Tambor,Centro Privado de Educación Infantil
50017436,41.77063657,Alagon,-1.12169902,Privado,JOTA ARAGONESA,Centro Privado de Educación Infantil
50009592,41.86014825,Zuera,-0.79086147,Público,Gallicum,Instituto de Educación Secundaria (IES)
50017448,41.58111577,Muela (La),-1.11650696,Público,Colegio Público de Infantil y Primaria de La Muela Borrado,Colegio Público
50017311,41.64884424,Zaragoza,-0.87810079,Público,Escuela superior de diseño,Escuela Superior de Artes Plásticas y Diseño
50017448,41.58111577,Muela (La),-1.11650696,Público,Gil Tarín,Colegio Público
44010094,40.34714038,Teruel,-1.10987276,Privado,DUMBO,Centro Privado de Educación Infantil
22010190,41.86753657,Tamarite De Litera,0.42116377,Público,EL TAMARINDO,Escuela de Educación Infantil
50017503,41.66228724,Zaragoza,-0.87427277,Privado,OCÉANO ATLÁNTICO,Centro Privado de Formación Profesional Específica
22010232,41.84857081,Binefar,0.29754190,Público,CONCEPCIÓN BAÑERES,Escuela de Educación Infantil
50017591,41.64299737,Zaragoza,-0.87402725,Privado,ENCLAVE DE AR-T,Escuela Privada de Música y/o Danza
50017576,41.44265654,Sabiñan,-1.56291101,Público,DE SABIÑÁN,Escuela de Educación Infantil
50017473,41.64754714,Zaragoza,-0.90049264,Privado,"E.A.N.T.A., ESCUELA ARAGONESA DE NATURISMO Y TERAPIAS ALTERNATIVAS",Centro Privado de Formación Profesional Específica
50017461,41.67244280,Zaragoza,-0.87653543,Privado,CHIP Y CHOP,Centro Privado de Educación Infantil
22010219,42.14385699,Huesca,-0.41520296,Privado,PASITO  A PASO,Centro Privado de Educación Infantil
50006815,41.63971341,Zaragoza,-0.89447796,Concertado,La Salle Franciscanas,Centro Privado con varias Enseñanzas de Régimen General
50006839,41.62480053,Zaragoza,-0.90392438,Privado,Fuentes Claras,Centro Privado de Educación Infantil
50006840,41.64904286,Zaragoza,-0.90119753,Concertado,Hijas De San José,Centro Privado con varias Enseñanzas de Régimen General
50006888,41.64659243,Zaragoza,-0.87497366,Concertado,Inmaculada Concepción,Centro Privado con varias Enseñanzas de Régimen General
22005406,42.41134280,Ainsa,0.13922547,Público,Sobrarbe,Instituto de Educación Secundaria (IES)
22000071,42.41064778,Ainsa,0.13785724,Público,Asunción Pañart Montaner,Colegio Público
50017655,41.81674123,Ainzon,-1.51859762,Público,C.P. El Pomillo,Colegio Público
50006581,41.64491303,Zaragoza,-0.88907663,Concertado,Montessori,Centro Privado con varias Enseñanzas de Régimen General
50000126,41.76976112,Alagon,-1.12710001,Público,Aragón,Colegio Público
50000151,41.77228011,Alagon,-1.12461505,Concertado,Ntra. Sra Del Castillo,Centro Privado con varias Enseñanzas de Régimen General
50017187,41.76935108,Alagon,-1.12142494,Público,Miguel Arnaudas,Escuela Pública de Música y/o Danza
50017631,41.77228011,Alagon,-1.12461505,Público,DE ALAGÓN,Escuela de Educación Infantil
44010331,41.03201818,Albalate Del Arzobispo,-0.59277430,Público,DE ALBALATE DEL ARZOBISPO,Escuela de Educación Infantil
22005674,41.86510697,Albelda,0.46155782,Público,C.R.A. La Llitera,Colegio Público
44005177,41.05230232,Alcañiz,-0.12908168,Público,Bajo Aragón,Instituto de Educación Secundaria (IES)
44004446,41.05230232,Alcañiz,-0.12908168,Público,E.O.I. De Alcañiz,Escuela Oficial de Idiomas (EOI)
44005050,41.04787833,Alcañiz,-0.12934556,Público,Virgen De Pueyos,Escuela Pública de Música y/o Danza
44010161,41.05188630,Alcañiz,-0.13096665,Privado,SOLETES,Centro Privado de Educación Infantil
44010276,41.05228229,Alcañiz,-0.12932562,Público,LA SELVETA,Escuela de Educación Infantil
22006113,41.72137507,Alcolea De Cinca,0.11004696,Público,Cinca-Alcanadre,Instituto de Educación Secundaria (IES)
22000251,41.72137507,Alcolea De Cinca,0.11004696,Público,José Manuel Blecua,Colegio Público
44010008,40.89533489,Alcorisa,-0.38017385,Público,Escuela  De Música,Escuela Pública de Música y/o Danza
44004847,40.89533489,Alcorisa,-0.38017385,Público,C.P.E.P.A.  De Alcorisa,Centro Público de Educación de Personas Adultas (Presenc
44005098,40.89297789,Alcorisa,-0.38273991,Público,DAMIÁN FORMENT,Instituto de Educación Secundaria (IES)
44000325,40.89324494,Alcorisa,-0.38334196,Público,El Justicia De Aragón,Colegio Público
50011306,41.40913601,Alfamen,-1.17977897,Público,Mateo Valero,Colegio Público
50017679,41.29749913,Alhama De Aragon,-1.88929215,Público,C.P. Pablo Luna,Colegio Público
44004677,40.67366802,Aliaga,-0.70299607,Público,C.R.A. Pablo Antonio Crespo,Colegio Público
50000369,41.39826401,Almonacid De La Sierra,-1.32179505,Público,Arzobispo Doménech,Colegio Público
22000299,42.04114792,Almudevar,-0.58391700,Público,Santos Samper Sarasa,Colegio Público
22006022,42.04114792,Almudevar,-0.58391700,Público,AULA DE EDUCACIÓN DE ADULTOS,Centro Público de Educación de Personas Adultas (Presenc
22010360,42.03909090,Almudevar,-0.58126702,Público,@S`CRI@S,Escuela de Educación Infantil
50010533,41.47198364,Almunia De Doña Godina (La),-1.37079543,Público,Cabañas,Instituto de Educación Secundaria (IES)
50011471,41.47575291,Almunia De Doña Godina (La),-1.37584408,Público,C.P.E.P.A.  De La Almunia De Doña Godina,Centro Público de Educación de Personas Adultas (Presenc
22010220,42.13148141,Huesca,-0.40696387,Privado,ZIMBEL,Centro Privado de Educación Infantil
50017485,41.64653569,Zaragoza,-0.88599543,Privado,COLUMBUS,Centro Privado de Formación Profesional Específica
22010256,42.03628255,Barbastro,0.13293073,Privado,ENCANTARIA,Centro Privado de Educación Infantil
44010112,40.89415776,Alcorisa,-0.38068064,Público,DE ALCORISA,Escuela de Educación Infantil
50017667,41.40049645,Longares,-1.16824333,Público,C.P. Diego Escolano,Colegio Público
44010136,40.93881399,Calanda,-0.22952455,Público,DE CALANDA,Escuela de Educación Infantil
44010124,40.98731974,Valdealgorfa,-0.03368255,Público,LOS MONCHONES,Escuela de Educación Infantil
50017801,41.66305585,Zaragoza,-0.88232435,Privado,CU CU-TAS TAS,Centro Privado de Educación Infantil
50017771,41.62490217,Zaragoza,-0.90994541,Privado,PEQUENINOS,Centro Privado de Educación Infantil
50017813,41.66580985,Zaragoza,-0.82733500,Privado,ZARADUENDES,Centro Privado de Educación Infantil
22010293,42.27613514,Ayerbe,-0.68825059,Público,DE AYERBE,Escuela de Educación Infantil
50017621,41.53882756,Maria De Huerva,-0.99626397,Privado,EL OSITO,Centro Privado de Educación Infantil
50017722,41.64463464,Zaragoza,-0.90329778,Privado,CENTRO DE TECNIFICACIÓN DE LA FEDERACIÓN ARAGONESA DE FÚTBOL,Centro Privado de Enseñanzas Deportivas
50017734,41.87085651,Zuera,-0.78506365,Público,LAS BALSAS,Escuela de Educación Infantil
50017746,41.23364497,Caspe,-0.04689904,Público,DE CASPE,Escuela de Educación Infantil
22010281,42.19002158,Graus,0.33591796,Público,DE GRAUS,Escuela de Educación Infantil
50017515,41.66999000,Utebo,-0.87890906,Privado,CENTRO NACIONAL DE ESTUDIOS E INVESTIGACIÓN DE FÚTBOL SALA,Centro Privado de Enseñanzas Deportivas
50017783,41.55713141,Cadrete,-0.96154661,Público,ARCO-IRIS,Escuela de Educación Infantil
50017795,41.76767094,Villanueva de Gállego,-0.82136675,Público,EVARISTO BERNAL,Escuela Pública de Música y/o Danza
50017761,41.83741291,Remolinos,-1.17826078,Privado,REMOLINOS,Centro Privado de Enseñanzas Deportivas
50017904,41.83381739,San Mateo De Gallego,-0.76489239,Público,C.P. Galo Ponte,Colegio Público
44010203,41.04859428,Alcañiz,-0.13019526,Público,Juan Lorenzo Palmireno,Colegio Público
50018258,41.65951680,Zaragoza,-0.86393743,Público,Marie Curie,Colegio Público
50004946,42.56639925,Undues De Lerda,-1.16932486,Público,C.P. Undués de Lerda,Colegio Público
50018428,41.70387658,Utebo,-0.99350951,Público,IES Torre de los Espejos,Instituto de Educación Secundaria (IES)
22010347,41.80039577,Altorricon,0.41263327,Público,DE ALTORRICÓN,Escuela Pública de Música y/o Danza
50017941,41.64959871,Zaragoza,-0.90656895,Privado,EL BARQUITO DE PAPEL,Centro Privado de Educación Infantil
50017931,41.57121973,Burgo De Ebro (El),-0.74205496,Público,LA COMETA,Escuela de Educación Infantil
50017990,41.53861024,Maria De Huerva,-0.99691034,Privado,MI MUNDO,Centro Privado de Educación Infantil
22010311,42.60562628,Benasque,0.52456650,Público,LA MAINADA,Escuela de Educación Infantil
50017849,41.65953480,Zaragoza,-0.87312551,Privado,EL TREN CHU-CHU,Centro Privado de Educación Infantil
50017825,41.28941094,Escatron,-0.32314012,Público,DE ESCATRÓN,Escuela de Educación Infantil
50017928,41.67020946,Zaragoza,-0.89271977,Privado,EL BOSQUE,Centro Privado de Educación Infantil
44010252,40.83556513,Montalban,-0.79866593,Público,DE MONTALBÁN,Escuela de Educación Infantil
22010451,42.41060697,Ainsa,0.13847201,Público,DE AÍNSA,Escuela Pública de Música y/o Danza
50018155,41.63937142,Zaragoza,-0.88396231,Privado,MOLINER,Escuela Privada de Música y/o Danza
44010288,40.79573023,Escucha,-0.81115553,Público,SALVADOR SALVADOR NAVARRO,Escuela Pública de Música y/o Danza
44010227,40.92670222,Fresneda (La),0.07523909,Público,DE LA FRESNEDA,Escuela de Educación Infantil
44010239,40.80834794,Fuentespalda,0.06772829,Público,DE FUENTESPALDA,Escuela de Educación Infantil
50018404,41.76140301,Fuendejalon,-1.47246204,Público,DE FUENDEJALÓN,Escuela de Educación Infantil
22010475,42.26267920,Nueno,-0.45104107,Público,DE NUENO,Escuela de Educación Infantil
22005340,42.39207080,Aineto,-0.19273589,Público,Valle Del Guarga,Colegio Público
44010069,40.97460884,Andorra,-0.44213898,Público,LA MALENA,Escuela de Educación Infantil
50011161,41.44423028,Aniñon,-1.70709899,Público,C.R.A. Río Ribota,Colegio Público
50011318,41.31012984,Ariza,-2.06015086,Público,C.R.A. Puerta De Aragón,Colegio Público
50018091,41.31012984,Ariza,-2.06015086,Público,DE ARIZA,Escuela de Educación Infantil
50011252,41.33186921,Ateca,-1.78988803,Público,Zaurín,Instituto de Educación Secundaria (IES)
22000706,41.61920663,Ballobar,0.19245833,Público,Francisco Galiay Sarañana,Colegio Público
22004611,42.03979118,Barbastro,0.12325276,Público,Martínez Vargas,Instituto de Educación Secundaria (IES)
22004906,42.03442413,Barbastro,0.12967058,Público,Pedro I,Colegio Público
22005960,42.03149417,Barbastro,0.13206923,Público,Somontano,Centro Público de Educación de Personas Adultas (Presenc
22010037,42.03928113,Barbastro,0.12355320,Público,E.O.I Río Vero,Escuela Oficial de Idiomas (EOI)
22000731,42.03298514,Barbastro,0.12155357,Público,La Merced,Colegio Público
22000767,42.03320415,Barbastro,0.11907493,Concertado,San Vicente De Paul,Centro Privado con varias Enseñanzas de Régimen General
22010426,41.69194406,Belver De Cinca,0.18083782,Público,DE BELVER DE CINCA,Escuela de Educación Infantil
44005153,40.92227990,Bello,-1.49941803,Público,C.R.A. Campo Bello,Colegio Público
22010359,42.10923395,Benabarre,0.48017180,Público,DE BENABARRE,Escuela de Educación Infantil
22006125,42.62856452,Biescas,-0.32173589,Público,Sección De I.E.S Biello Aragón,Instituto de Educación Secundaria (IES)
22010268,42.62757745,Biescas,-0.32468085,Público,DE BIESCAS,Escuela de Educación Infantil
22005741,41.82446046,Binaced,0.19901459,Público,C.R.A. El Trébol,Colegio Público
22005388,41.85479028,Binefar,0.29470005,Público,Sierra De San Quílez,Instituto de Educación Secundaria (IES)
22001073,41.84291134,Binefar,0.29865764,Público,Víctor Mendoza Mendoza,Colegio Público
50017965,41.84956771,Boquiñeni,-1.25226924,Público,DE BOQUIÑENI,Escuela de Educación Infantil
50018301,41.83491435,Borja,-1.52817459,Público,BALTASAR GONZÁLEZ,Escuela de Educación Infantil
50011321,41.49751592,Bujaraloz,-0.14711308,Público,C.R.A. L' Albada,Colegio Público
50011331,41.56905204,Burgo De Ebro (El),-0.74154104,Público,C.R.A. María Moliner,Colegio Público
44004938,40.91266106,Calamocha,-1.30095807,Público,Aula De Calamocha,Centro Público de Educación de Personas Adultas (Presenc
44000799,40.91266106,Calamocha,-1.30095807,Público,Ricardo Mallén,Colegio Público
44005141,40.93891615,Calanda,-0.22933808,Público,Escuela De Música,Escuela Pública de Música y/o Danza
44000829,40.94057312,Calanda,-0.22901601,Público,Virgen Del Pilar,Colegio Público
50001088,41.90241425,Calatayud,-1.72061202,Público,Salvador Minguijón,Colegio Público
50001179,41.35743297,Calatayud,-1.63628886,Público,Emilio Jimeno,Instituto de Educación Secundaria (IES)
50008666,41.35128504,Calatayud,-1.64923169,Público,Augusta Bílbilis,Colegio Público
50001222,41.52807685,Calatorao,-1.34200504,Público,Domingo Jiménez Beltrán,Colegio Público
22005054,42.42621900,Caldearenas,-0.66435606,Público,Virgen De Los Ríos,Colegio Público
44004941,40.83868304,Caminreal,-1.32492299,Público,Aula De Caminreal,Centro Público de Educación de Personas Adultas (Presenc
22001358,42.40973212,Campo,0.39748251,Público,Cerbín,Colegio Público
22001437,42.74883444,Canfranc-Estacion,-0.51519833,Público,Los Arañones,Colegio Público
22005704,42.19628089,Capella,0.39436953,Público,C.R.A. Baja Ribagorza,Colegio Público
50001349,41.33832099,Cariñena,-1.22539896,Público,Joaquín Costa,Instituto de Educación Secundaria (IES)
50018210,41.33586702,Cariñena,-1.18378801,Público,ARCO IRIS,Escuela de Educación Infantil
50017643,41.60599693,Cartuja Baja,-0.82401166,Privado,LA CARTUJA BAJA,Centro Privado de Educación Infantil
50010867,41.71925084,Casetas,-1.02550453,Público,Miguel Hernández,Centro Público de Educación de Personas Adultas (Presenc
50017205,41.71811578,Casetas,-1.02605584,Privado,NUESTRA SEÑORA DE LA ROSA,Centro Privado de Educación Infantil
50017850,41.71807106,Casetas,-1.02515263,Privado,EL DUENDE DEL BOSQUE,Centro Privado de Educación Infantil
50010764,41.23252713,Caspe,-0.04627905,Público,Alejo Lorén Albareda,Colegio Público
22010177,42.51246474,Castejon De Sos,0.48554453,Público,LA MAINADA,Escuela de Educación Infantil
44004811,40.98141716,Castelseras,-0.14792521,Público,C.R.A. Del Mezquín,Colegio Público
22010098,42.76724039,Candanchu,-0.51232137,Privado,Escuela Española De Esquí,Centro Privado de Enseñanzas Deportivas
44010148,40.98114814,Castelseras,-0.14444822,Público,Santa Bárbara,Escuela de Educación Infantil
44004732,40.79921896,Castellote,-0.31682210,Público,C.R.A. Olea,Colegio Público
44010197,40.43684996,Cedrillas,-0.84989498,Público,EL PARQUE,Escuela de Educación Infantil
44005128,40.45501103,Cella,-1.28042191,Público,Sierra Palomera,Instituto de Educación Secundaria (IES)
44001159,40.45663799,Cella,-1.28700994,Público,Miguel Blasco Vilatela,Colegio Público
44010240,40.93514738,Codoñera (La),-0.08682701,Público,LA CODOÑERA,Escuela de Educación Infantil
22005820,41.91060028,Conchel,0.18198067,Público,C.R.A. Arco Iris,Colegio Público
44005131,40.92919103,Cretas,0.21184047,Público,C.R.A. Algars,Colegio Público
50008952,41.59039101,Cuarte De Huerva,-0.92896096,Público,Ramón Y Cajal,Colegio Público
50018283,41.58545899,Cuarte De Huerva,-0.94503807,Público,CP FORO ROMANO,Colegio Público
22001656,41.66378587,Chalamera,0.16295646,Público,Ramón J. Sender,Colegio Público
22005728,42.14554792,Chimillas,-0.45666797,Público,C.R.A. Montearagón,Colegio Público
50010284,41.11073499,Daroca,-1.42017305,Público,Comunidad De Daroca,Instituto de Educación Secundaria (IES)
50011483,41.11433899,Daroca,-1.41534602,Público,C.P.E.P.A. De  Daroca,Centro Público de Educación de Personas Adultas (Presenc
50017758,41.11488701,Daroca,-1.41063998,Público,PINOCHO,Escuela de Educación Infantil
50001775,42.13129220,Ejea De Los Caballeros,-1.31190747,Público,Ferrer Y Racaj,Colegio Público
50001799,42.12347403,Ejea De Los Caballeros,-1.14081434,Concertado,Ntra. Sra. De Las Mercedes,Centro Privado con varias Enseñanzas de Régimen General
22002727,42.56827216,Jaca,-0.55275320,Público,Domingo Miral,Instituto de Educación Secundaria (IES)
22002739,42.57782718,Jaca,-0.54115424,Público,E.H. De Jaca,Residencia
22002740,42.55970620,Jaca,-0.78775878,Público,Instituto De Formación Agroambiental,Instituto de Formación Profesional
22010207,42.57444419,Jaca,-0.55129921,Público,DE JACA,Escuela de Educación Infantil
50002512,41.77057311,Joyosa (La),-1.12096398,Público,Ramón Y Cajal,Colegio Público
22003100,42.20047083,Lupiñen,-0.59649201,Público,San Ginés,Colegio Público
50004077,41.50804189,Ricla,-1.40213511,Público,Maestro Monreal,Colegio Público
50017989,41.51159583,Ricla,-1.40077804,Público,NERTÓBRIGA,Escuela de Educación Infantil
22005856,41.87282398,Robres,-0.45850496,Público,C.R.A. La Sabina,Colegio Público
44004781,40.19020708,Rubielos De Mora,-0.65217302,Público,C.R.A. Pórtico De Aragón,Colegio Público
44004926,40.13303615,Rubielos De Mora,-0.62520718,Público,C.P.E.P.A. De Rubielos De Mora,Centro Público de Educación de Personas Adultas (Presenc
22003860,42.51987496,Sabiñanigo,-0.36432894,Concertado,Santa Ana,Centro Privado con varias Enseñanzas de Régimen General
22003902,42.52084493,Sabiñanigo,-0.36385294,Público,San Alberto Magno,Instituto de Educación Secundaria (IES)
22005662,42.52065394,Sabiñanigo,-0.36963301,Público,E.O.I. De Sabiñánigo,Escuela Oficial de Idiomas (EOI)
22010128,42.52037997,Sabiñanigo,-0.36777796,Público,CARDELINA,Escuela de Educación Infantil
50011690,42.28521800,Sadaba,-1.27124991,Público,Sección  Del I.E.S.Reyes Católicos,Instituto de Educación Secundaria (IES)
50018027,42.28521800,Sadaba,-1.27124991,Público,DE SÁDABA,Escuela de Educación Infantil
22004943,42.57605437,Sahun,0.46481806,Concertado,Ntra. Sra. De Guayente,Centro Privado de Formación Profesional Específica
22010013,42.77212009,Sallent De Gallego,-0.33280790,Público,E.E.I. De Sallent De Gállego,Escuela de Educación Infantil
44004628,40.35812914,San Blas,-1.17672595,Público,C.R.A. Turia,Colegio Público
44003028,40.35888557,San Blas,-1.19003035,Público,I.F.P. De San Blas,Instituto de Formación Profesional
50008630,41.76647409,San Gregorio,-0.78289632,Privado,Cedes,Centro Privado de Educación  Especial
50003851,41.73634297,Pinseque,-1.09978188,Público,Miguel Artigas,Colegio Público
50017588,41.82948106,San Mateo De Gallego,-0.76567628,Privado,PEQUES,Centro Privado de Educación Infantil
50008782,41.94001575,Santa Engracia,-1.32558546,Público,Santa Engracia,Colegio Público
50700215,41.63586776,Zaragoza,-0.87085274,Público,Eq. Espec Motoricos,Colegio Público
50010181,41.64603983,Zaragoza,-0.92177369,Público,Hispanidad,Colegio Público
50010041,41.71140928,Utebo,-1.00089765,Público,Pedro Cerrada,Instituto de Educación Secundaria (IES)
50001702,41.11073499,Daroca,-1.42017305,Público,Pedro Sánchez Ciruelo,Colegio Público
50011771,41.68255807,Garrapinillos,-1.02545352,Privado,Garrapiniños,Centro Privado de Educación Infantil
44004321,41.04859428,Alcañiz,-0.13019526,Público,Juan Lorenzo Palmireno,Escuela de Educación Infantil
50007194,41.63801339,Zaragoza,-0.88640557,Concertado,Ntra. Sra. De La Merced,Centro Privado con varias Enseñanzas de Régimen General
50018209,41.70600861,Utebo,-0.99759807,Privado,ZAGALICOS,Centro Privado de Educación Infantil
50011240,42.19762312,Pinsoro,-1.33643551,Público,C.R.A. Luis Buñuel,Colegio Público
22003926,42.55428895,Senegüe,-0.34718096,Público,Miguel Servet,Colegio Público
2065,41.66491211,Zaragoza,-0.88146690,Público,Centro Comisión C.F. Grado Medio Zaragoza,Colegio Público
44005207,40.40954571,Albarracin,-1.43195076,Público,I.E.S. Lobetano,Instituto de Educación Secundaria (IES)
22003835,42.52226556,Sabiñanigo,-0.36650597,Público,Montecorona,Colegio Público
50011756,41.63888160,Zaragoza,-0.89857489,Privado,Peluche,Centro Privado de Educación Infantil
22002351,42.14145946,Huesca,-0.40736377,Público,San Vicente,Colegio Público
50011422,41.79811644,Leciñena,-0.60940576,Público,C.R.A. Bajo Gállego,Colegio Público
50009211,41.65390479,Zaragoza,-0.91687008,Público,Félix De Azara,Instituto de Educación Secundaria (IES)
22010074,42.13759619,Huesca,-0.40132731,Privado,CLUB MINNIE,Centro Privado de Educación Infantil
50018295,41.65776705,Zaragoza,-0.93218380,Privado,ZARAPEQUES,Centro Privado de Educación Infantil
50010946,41.66059847,Zaragoza,-0.90386767,Público,Andalán,Instituto de Educación Secundaria (IES)
22010165,42.60349711,Benasque,0.51840847,Privado,ESCUELA DE MONTAÑA DE BENASQUE,Centro Privado de Enseñanzas Deportivas
22005200,42.12969099,Huesca,-0.40823201,Público,Pedro J. Rubio,Colegio Público
44003272,40.33660406,Teruel,-1.10701194,Público,Ensanche,Colegio Público
50005291,41.35445549,Villanueva De Huerva,-1.03675816,Público,San Blas,Colegio Público
50018040,41.66312892,Zaragoza,-0.98829675,Público,NUESTRA SEÑORA DE LORETO,Escuela de Educación Infantil
22010876,41.52556265,Fraga,0.33424667,Público,Fraga III,Colegio Público
50018106,41.12348174,Maella,0.13798357,Público,DE MAELLA,Escuela de Educación Infantil
50011379,41.62826502,Magallon,-0.89136281,Público,C.R.A. La Huecha,Colegio Público
50010247,41.19244001,Mainar,-1.30295208,Público,Santa Ana,Colegio Público
50017953,41.28593900,Maluenda,-1.61852413,Público,BLANCANIEVES,Escuela de Educación Infantil
50002937,41.90134694,Mallen,-1.41804332,Público,C.P. Manlia,Colegio Público
50011677,41.90185898,Mallen,-1.41840428,Público,Valle Del  Huecha,Instituto de Educación Secundaria (IES)
50017692,41.90185898,Mallen,-1.41840428,Público,DE MALLÉN,Escuela de Educación Infantil
44004707,40.86641901,Mata De Los Olmos (La),-0.52010602,Público,C.R.A. Somontano-Bajo Aragón,Colegio Público
44004665,40.78833797,Monreal Del Campo,-1.35702596,Público,Salvador Victoria,Instituto de Educación Secundaria (IES)
44002152,40.78351199,Monreal Del Campo,-1.35786198,Público,Ntra. Sra. Del Pilar,Colegio Público
44010306,40.78788298,Monreal Del Campo,-1.35758296,Público,RICARDA GONZALO DE LIRIA,Escuela de Educación Infantil
44005001,40.83126283,Montalban,-0.80215175,Público,Cuenca Minera,Centro Público de Educación de Personas Adultas (Presenc
22005157,41.91116832,Monzon,0.18284789,Público,La Alegría,Colegio Público de Educación Especial
22005376,41.91674425,Monzon,0.19380171,Público,Conservatorio Profesional De Música,Conservatorio de Música o Danza
22003252,41.90937730,Monzon,0.18799586,Concertado,Santa Ana,Centro Privado con varias Enseñanzas de Régimen General
22003276,41.91453331,Monzon,0.19351628,Concertado,Minte,Centro Privado con varias Enseñanzas de Régimen General
22003288,41.90486031,Monzon,0.18510905,Público,José Mor De Fuentes,Instituto de Educación Secundaria (IES)
44002221,40.24843398,Mora De Rubielos,-0.75151199,Público,San Miguel,Colegio Público
50003206,41.47499682,Morata De Jalon,-1.47248111,Público,Lucas Arribas,Colegio Público
50005690,41.63785043,Movera,-0.79955100,Público,Instituto De Formación  Profesionalespecífica De  Movera,Instituto de Formación Profesional
50011057,41.64357805,Movera,-0.81750978,Privado,La Alfranca,Centro Privado con varias Enseñanzas de Régimen General
22010414,41.52620393,Osso De Cinca,0.34630684,Público,SANTA MARGARITA,Escuela de Educación Infantil
50011392,41.24960409,Paniza,-1.15472909,Público,C.R.A. La Cepa,Colegio Público
22005431,42.30494544,Paules De Sarsa,0.04026252,Público,C.P. De Paules De Sarsa,Colegio Público
22005686,41.49348696,Peñalba,-0.15152507,Público,C.R.A. MONTESNEGROS,Colegio Público
44004756,40.75538315,Peñarroya De Tastavins,0.03932003,Público,C.R.A. Tastavíns,Colegio Público
50017680,41.48788867,Pina De Ebro,-0.52956536,Público,Ramón y Cajal,Colegio Público
50003863,41.73925995,Pinseque,-1.09798879,Concertado,E.F.A. La Noria,Centro Privado de Formación Profesional Específica
22003586,42.58192080,Plan,0.29511152,Público,C.R.A. Cinca-Cinqueta,Colegio Público
50003981,41.84734060,Pradilla De Ebro,-1.24999529,Público,Joaquín Costa,Colegio Público
50017394,41.63329208,Puebla De Alfinden (La),-0.74910794,Público,JUNQUICOS,Escuela de Educación Infantil
50017898,41.63189291,Puebla De Alfinden (La),-0.75709113,Público,Reino de Aragón,Colegio Público
22005789,42.55928322,Puente La Reina De Jaca,-0.78808387,Público,C.R.A. Río Aragón,Colegio Público
44004471,41.10743420,Puigmoreno,-0.25155210,Público,C.R.A. Regallo,Colegio Público
50018118,41.42629679,Quinto,-0.49643378,Público,DE QUINTO,Escuela de Educación Infantil
50004053,41.84150722,Remolinos,-1.17817336,Público,Alfredo Muíños,Colegio Público
50019299,41.59725304,Cuarte de Huerva,-0.92320400,Público,"CEIP ""Cuarte  III""",Colegio Público
44010537,41.05230230,Alcañiz,-0.12908163,Público,BAJO ARAGÓN,Centro Público Integrado de Formación Profesional
50001180,41.35292000,Calatayud,-1.62858245,Público,ACADEMIA DE LOGÍSTICA DEL EJÉRCITO DE TIERRA,Centro Docente de Formación Militar
50008654,41.63923185,Zaragoza,-0.87872642,Concertado,CEFOR IZQUIERDO,Centro Privado de Formación Profesional Específica
50018829,41.64339402,Zaragoza,-0.89751832,Público,CORONA DE ARAGÓN,Centro Público Integrado de Formación Profesional
50018842,41.63283651,Puebla de Alfindén (La),-0.74897434,Público,ÍTACA,Sección de Instituto de Educación Secundaria
44003223,40.32685335,Teruel,-1.09827836,Público,Segundo De Chomón,Instituto de Educación Secundaria (IES)
50018568,41.64330362,Zaragoza,-0.99231422,Privado,FANTASÍA-PLAZA,Centro Privado de Educación Infantil y F. P.
-20160001,41.62532834,Zaragoza,-0.95723100,Público,Arcosur,Colegio Público
-20160002,41.62674178,Zaragoza,-0.93440031,Público,Valdespartera 3,Colegio Público
50019500,41.66896870,Zaragoza,-0.87231070,Público,IES El Rabal,Instituto de Educación Secundaria (IES)
50019378,41.58131148,Cuarte de Huerva,-0.95279352,Concertado,Internacional Ánfora,Centro Privado con varias Enseñanzas de Régimen General
50017564,41.94020570,Santa Engracia,-1.32650642,Público,DE SANTA ENGRACIA,Escuela de Educación Infantil
50018830,41.65658100,Zaragoza,-0.85650990,Público,Vadorrey-Les Alles,Colegio Público
22005030,41.78920900,Sariñena,-0.15307021,Público,Monegros-Gaspar Lax,Instituto de Educación Secundaria (IES)
50011707,41.32322563,Sastago,-0.34554937,Público,Sección Del I.E.S. Benjamín Jarnés,Instituto de Educación Secundaria (IES)
50004478,42.49648075,Sos Del Rey Catolico,-1.21545137,Público,Isidoro Gil De Jaz,Colegio Público
50004481,42.49648075,Sos Del Rey Catolico,-1.21545137,Público,Manuela Pérez De Biel,Residencia
22004271,41.86178695,Tamarite De Litera,0.42868591,Público,San Miguel,Colegio Público
22005391,41.86178695,Tamarite De Litera,0.42868591,Público,La Llitera,Instituto de Educación Secundaria (IES)
22005479,41.86789997,Tamarite De Litera,0.42074596,Público,Litera,Centro Público de Educación de Personas Adultas (Presenc
22005871,41.86671193,Tamarite De Litera,0.42057038,Público,La Melusa,Colegio Público
50010922,41.90571013,Tarazona,-1.72666683,Público,Conservatorio Elemental De Música,Conservatorio de Música o Danza
50011021,41.90471616,Tarazona,-1.72834774,Público,El Posito,Centro Público de Educación de Personas Adultas (Presenc
50017837,41.90596802,Tarazona,-1.72022916,Público,DE TARAZONA,Escuela de Educación Infantil
22005844,41.97745497,Tardienta,-0.53716000,Público,C.R.A. Violada Monegros,Colegio Público
50017552,41.91708565,Tauste,-1.25435650,Público,DE TAUSTE,Escuela de Educación Infantil
44003107,40.34150710,Teruel,-1.10312797,Público,Miguel Vallés,Colegio Público
44003120,40.35281603,Teruel,-1.10924393,Público,Las Anejas,Colegio Público
44003235,40.34103008,Teruel,-1.10850304,Público,VEGA DEL TURIA,Instituto de Educación Secundaria (IES)
50009661,42.49807479,Sos Del Rey Catolico,-1.21544336,Privado,Isidoro Gil De Jaz Y Manuela Pérez De Biel,Centro Privado de Educación Infantil
50006700,41.65744075,Zaragoza,-0.85547861,Concertado,Don Bosco,Centro Privado con varias Enseñanzas de Régimen General
44000246,41.04927340,Alcañiz,-0.12541452,Público,Emilio Diaz,Colegio Público
22010086,42.14039049,Huesca,-0.41160664,Público,ESCRBCA-Huesca,Escuela Superior de Artes Plásticas y Diseño
50017369,41.63588270,Zaragoza,-0.87084745,Público,Angel Riviere,Colegio Público
50019287,41.63555640,Zaragoza,-0.94770130,Público,Zaragoza Sur,Colegio de Educación Infantil y Primaria
50018088,41.47712974,Mores,-1.56807099,Público,FRANCISCA GIL DE LA RIVA,Escuela de Educación Infantil
50005562,41.71766265,Casetas,-1.02690724,Concertado,San Miguel,Centro Privado de Educación Primaria
50017451,41.70249287,Utebo,-0.99878273,Público,Parque Europa,Colegio Público
50018121,41.70449136,Utebo,-0.99523838,Público,Octavus,Colegio Público
50007492,41.63237635,Zaragoza,-0.92779556,Concertado,La Salle-Santo Angel,Centro Privado de Educación Secundaria
50008034,41.63884523,Zaragoza,-0.86334852,Concertado,Bajo Aragón,Centro Privado con varias Enseñanzas de Régimen General
50008125,41.64339392,Zaragoza,-0.89751599,Público,Corona De Aragón,Instituto de Educación Secundaria (IES)
50008186,41.64464390,Zaragoza,-0.92339093,Público,Ramón Pignatelli,Instituto de Educación Secundaria (IES)
50017096,41.66578571,Zaragoza,-0.89229976,Concertado,Arsenio Jimeno,Centro Privado de Formación Profesional Específica
50010314,41.64500851,Zaragoza,-0.92214258,Público,Los Enlaces,Instituto de Educación Secundaria (IES)
50010958,41.67375263,Zaragoza,-0.89661691,Público,Miguel De Molinos,Instituto de Educación Secundaria (IES)
50010995,41.64656578,Zaragoza,-0.87689706,Público,Medina Albaida,Instituto de Educación Secundaria (IES)
50011100,41.63754046,Zaragoza,-0.90984675,Concertado,Sagrado Corazón-Moncayo,Centro Privado con varias Enseñanzas de Régimen General
50011550,41.65500021,Zaragoza,-0.89044112,Público,Ramón Y Cajal,Instituto de Educación Secundaria (IES)
50005793,41.67279671,Zaragoza,-0.82981847,Público,Ítaca,Instituto de Educación Secundaria (IES)
50009348,41.67706379,Zaragoza,-0.87771793,Público,Avempace,Instituto de Educación Secundaria (IES)
50010144,41.64420853,Zaragoza,-0.86337998,Público,Pablo Serrano,Instituto de Educación Secundaria (IES)
50017886,41.66551595,Zaragoza,-0.87027261,Público,IES La Azucarera,Instituto de Educación Secundaria (IES)
50018416,41.68797593,Zaragoza,-0.87345224,Público,IES Parque Goya,Instituto de Educación Secundaria (IES)
22000056,42.14263002,Adahuesca,-0.01297698,Público,C.R.A. Vero-Alcanadre,Colegio Público
50002123,41.23745399,Fayon,0.33435914,Público,Ntra. Sra. Del Pilar,Colegio Público
22004888,41.52553295,Fraga,0.33958097,Público,Bajo Cinca,Instituto de Educación Secundaria (IES)
22006061,41.51476890,Fraga,0.32569495,Privado,Pati,Centro Privado de Educación Infantil
22001875,41.51916397,Fraga,0.35094750,Público,Miguel Servet,Colegio Público
50001672,41.26387928,Chiprana,-0.12650267,Público,Lucio Fabio Severo,Colegio Público
22001899,41.52694294,Fraga,0.33590988,Concertado,Santa Ana,Centro Privado con varias Enseñanzas de Régimen General
22010402,41.52121437,Fraga,0.34081231,Público,XIQUETS,Escuela de Educación Infantil
50011291,41.75973788,Fuendejalon,-1.47229575,Público,C.R.A. Las Viñas,Colegio Público
50017709,41.86845354,Gallur,-1.31682779,Público,DE GALLUR,Escuela Pública de Música y/o Danza
50011355,41.41011999,Gelsa,-0.45766015,Público,C.R.A. Del Ebro,Colegio Público
50011148,41.54694409,Gotor,-1.64901377,Público,C.R.A. Aranda-Isuela,Colegio Público
22002090,42.41149096,Grado (El),0.10582862,Concertado,E.F.A. El Poblado,Centro Privado de Educación Secundaria
22002156,42.19079896,Graus,0.33852088,Público,Joaquín Costa,Colegio Público
22010372,42.01730450,Gurrea De Gallego,-0.75964376,Público,DE GURREA DE GÁLLEGO,Escuela Pública de Música y/o Danza
44001706,41.22084981,Hijar,-0.38083161,Público,Luis Turón,Colegio Público
44010321,41.17482592,Hijar,-0.45054611,Público,EL CASTILLO,Escuela de Educación Infantil
22005121,42.14015394,Huesca,-0.42092398,Público,San Lorenzo,Instituto de Educación Secundaria (IES)
22005133,42.13687797,Huesca,-0.41808605,Público,Conservatorio Profesional De Música,Conservatorio de Música o Danza
22005212,42.14360295,Huesca,-0.40510803,Público,E.O.I. De Huesca,Escuela Oficial de Idiomas (EOI)
22010001,41.97130198,Huesca,-0.36413306,Privado,San Jorge,Centro Privado de Educación  Especial
22002417,42.13955295,Huesca,-0.41068404,Concertado,Santa Ana,Centro Privado con varias Enseñanzas de Régimen General
22002429,42.14449597,Huesca,-0.41631501,Privado,Ntra.Sra.Del Pilar,Centro Privado de Educación Infantil
22002478,42.14001496,Huesca,-0.41419198,Concertado,San Viator,Centro Privado con varias Enseñanzas de Régimen General
22002491,42.12706598,Huesca,-0.39979901,Público,Montearagón,Instituto de Formación Profesional
22002511,42.11739692,Huesca,-0.44624395,Público,Pirámide,Instituto de Educación Secundaria (IES)
22010323,42.13051398,Huesca,-0.40158496,Público,Pirineos-Pyrénées,Colegio Público
22010463,42.13687797,Huesca,-0.41808605,Público,LAS PAJARITAS,Escuela de Educación Infantil
50010961,41.53828605,Illueca,-1.62477983,Público,Sierra De La Virgen,Instituto de Educación Secundaria (IES)
22004839,42.57604216,Jaca,-0.54405614,Público,Monte Oroel,Colegio Público
22005224,42.58178314,Jaca,-0.53674055,Público,Escuela De Música Y Danza,Escuela Pública de Música y/o Danza
22010049,42.56790819,Jaca,-0.55303216,Público,Extensión De E.O.I.,Escuela Oficial de Idiomas (EOI)
44004331,41.05045175,Alcañiz,-0.13252453,Público,Conservatorio Profesional De Música,Conservatorio de Música o Danza
22010050,42.13767656,Huesca,-0.41086317,Privado,Las Ocas,Centro Privado de Educación Infantil
22000779,42.03662916,Barbastro,0.12376610,Concertado,San José De Calasanz,Centro Privado con varias Enseñanzas de Régimen General
50005525,41.62701737,Zaragoza,-0.90980849,Privado,Misioneras Del Sagrado Corazón,Centro Privado con varias Enseñanzas de Régimen General
50011136,41.44353637,Sabiñan,-1.56307054,Público,C.R.A. El Enebro,Colegio Público
44010100,41.05005552,Alcañiz,-0.13918565,Público,C.P. Juan Sobrarias,Colegio Público
22006095,42.51246474,Castejon De Sos,0.48554453,Público,Sección Del  I.E.S. Baltasar Gracián,Instituto de Educación Secundaria (IES)
22010335,42.72431256,Panticosa,-0.28585876,Público,TRIAMOLETA,Escuela de Educación Infantil
44004771,41.03025149,Muniesa,-0.80865878,Público,C.R.A. De Muniesa,Colegio Público
22003239,41.91700854,Monzon,0.18270355,Concertado,Santo Domingo Savio,Centro Privado de Educación Secundaria
50011045,41.90392626,Tarazona,-1.72367769,Público,E.O.I. De Tarazona,Escuela Oficial de Idiomas (EOI)
50011598,41.65143163,Zaragoza,-0.87720019,Privado,Santa María,Escuela Privada de Música y/o Danza
50009786,41.72480785,Casetas,-1.03426494,Público,Antonio Martínez Garay,Colegio Público
50018325,42.12609374,Ejea De Los Caballeros,-1.14035865,Público,Gloria Fuertes,Escuela de Educación Infantil
50011288,41.55981397,Cadrete,-0.96464203,Público,Castillo Qadrit,Colegio Público
50011185,41.21572360,Ibdes,-1.83371179,Público,C.R.A. Mesa-Piedra-Alto Campillo,Colegio Público
50005495,41.62786686,Zaragoza,-0.91010010,Privado,Sansueña,Centro Privado con varias Enseñanzas de Régimen General
50018453,41.63237635,Zaragoza,-0.92779556,Privado,LAS TORRES DE MONTECANAL,Centro Privado de Educación Infantil
50005999,41.64094206,Zaragoza,-0.93135591,Público,Jerónimo Blancas Y Tomás,Colegio Público
50005768,41.67065283,Zaragoza,-0.82897536,Público,Guillermo Fatás,Colegio Público
50011811,41.66953948,Zaragoza,-0.83931091,Privado,CHIQUITINES II,Centro Privado de Educación Infantil
50019597,41.61521900,Zaragoza,-0.87601780,Público,CIP Parque Venecia,Infantil y Primaria
50019020,41.62489424,Zaragoza,-0.92661211,Público,IES Valdespartera,Instituto de Educación Secundaria
50019615,41.62540000,Zaragoza,-0.92880000,Público,C.P.I. Valdespartera IV,Infantil y Primaria
50019101,41.75727540,Villanueva de Gállego,-0.83412110,Público,Gallicum,Sección de Instituto de Educación Secundaria